<?xml version='1.0' encoding='UTF-8'?>
<odoo>
  <record id="studio_customization.approver_check_statu_4d3c8731-9d3a-4ba3-82d7-cf734ed5d057" model="base.automation" context="{'studio': True}">
    <field name="action_server_id" ref="studio_customization.approver_check_statu_c0870ec1-97d1-4801-9b67-d45fbda60991"/>
    <field name="active" eval="True"/>
    <field name="filter_domain">[["state","=","waiting_for_approval"]]</field>
    <field name="filter_pre_domain" eval="False"/>
    <field name="last_run" eval="False"/>
    <field name="on_change_fields" eval="False"/>
    <field name="trg_date_id" eval="False"/>
    <field name="trg_date_range" eval="False"/>
    <field name="trg_date_range_type" eval="False"/>
    <field name="trigger">on_create_or_write</field>
  </record>
  <record id="studio_customization.001_customer_case_na_da9e25a7-d161-4c1d-a73e-6d170a3cc106" model="base.automation" context="{'studio': True}">
    <field name="action_server_id" ref="studio_customization.001_customer_case_na_6851f6bf-dbe3-48b0-a854-19ec1a85b0c6"/>
    <field name="active" eval="False"/>
    <field name="filter_domain" eval="False"/>
    <field name="filter_pre_domain" eval="False"/>
    <field name="last_run" eval="False"/>
    <field name="on_change_fields" eval="False"/>
    <field name="trg_date_id" eval="False"/>
    <field name="trg_date_range" eval="False"/>
    <field name="trg_date_range_type" eval="False"/>
    <field name="trigger">on_create</field>
  </record>
  <record id="studio_customization.005_create_base_sequ_d45ba376-aba3-41b6-a506-e2b70b0c160f" model="base.automation" context="{'studio': True}">
    <field name="action_server_id" ref="studio_customization.005_create_base_sequ_4900ca72-aa4d-4b2e-8a53-8684b5a033c6"/>
    <field name="active" eval="True"/>
    <field name="filter_domain" eval="False"/>
    <field name="filter_pre_domain" eval="False"/>
    <field name="last_run" eval="False"/>
    <field name="on_change_fields" eval="False"/>
    <field name="trg_date_id" eval="False"/>
    <field name="trg_date_range" eval="False"/>
    <field name="trg_date_range_type" eval="False"/>
    <field name="trigger">on_create</field>
  </record>
  <record id="studio_customization.006_put_sr_on_repair_5a113228-fe67-49ec-bb9f-7c67911aea6c" model="base.automation" context="{'studio': True}">
    <field name="action_server_id" ref="studio_customization.006_put_sr_on_repair_d9107390-4269-46f8-ab89-f38eb61457f4"/>
    <field name="active" eval="True"/>
    <field name="filter_domain" eval="False"/>
    <field name="filter_pre_domain" eval="False"/>
    <field name="last_run" eval="False"/>
    <field name="on_change_fields" eval="False"/>
    <field name="trg_date_id" eval="False"/>
    <field name="trg_date_range" eval="False"/>
    <field name="trg_date_range_type" eval="False"/>
    <field name="trigger">on_create</field>
  </record>
  <record id="studio_customization.007_create_ticket_in_a76a60a5-e57a-4ade-a00d-384d23e93d49" model="base.automation" context="{'studio': True}">
    <field name="action_server_id" ref="studio_customization.007_create_ticket_in_215f5af6-e6de-4102-9b56-f6e2d870bd1e"/>
    <field name="active" eval="True"/>
    <field name="filter_domain" eval="False"/>
    <field name="filter_pre_domain" eval="False"/>
    <field name="last_run" eval="False"/>
    <field name="on_change_fields" eval="False"/>
    <field name="trg_date_id" eval="False"/>
    <field name="trg_date_range" eval="False"/>
    <field name="trg_date_range_type" eval="False"/>
    <field name="trigger">on_create</field>
  </record>
</odoo>
