<?xml version='1.0' encoding='UTF-8'?>
<odoo>
  <record id="account.res_partner_action_customer" model="ir.actions.act_window" context="{'studio': True}">
    <field name="binding_model_id" eval="False"/>
    <field name="binding_type">action</field>
    <field name="binding_view_types">list,form</field>
    <field name="context">{'search_default_customer': 1,'res_partner_search_mode': 'customer', 'default_is_company': True, 'default_customer_rank': 1}</field>
    <field name="domain" eval="False"/>
    <field name="filter" eval="False"/>
    <field name="groups_id" eval="[(6, 0, [])]"/>
    <field name="help"><![CDATA[<p class="o_view_nocontent_smiling_face">
                Create a new customer in your address book
              </p><p>
                Odoo helps you easily track all activities related to a customer.
              </p>
            ]]></field>
    <field name="limit">80</field>
    <field name="name">Customers</field>
    <field name="res_model">res.partner</field>
    <field name="search_view_id" eval="False"/>
    <field name="target">current</field>
    <field name="type">ir.actions.act_window</field>
    <field name="usage" eval="False"/>
    <field name="view_id" eval="False"/>
    <field name="view_mode">kanban,tree,form</field>
  </record>
  <record id="contacts.action_contacts" model="ir.actions.act_window" context="{'studio': True}">
    <field name="binding_model_id" eval="False"/>
    <field name="binding_type">action</field>
    <field name="binding_view_types">list,form</field>
    <field name="context">{'default_is_company': True}</field>
    <field name="domain" eval="False"/>
    <field name="filter" eval="False"/>
    <field name="groups_id" eval="[(6, 0, [])]"/>
    <field name="help"><![CDATA[<p class="o_view_nocontent_smiling_face">
            Create a contact in your address book
          </p><p>
            Odoo helps you to easily track all activities related to a customer.
          </p>
        ]]></field>
    <field name="limit">80</field>
    <field name="name">Contacts</field>
    <field name="res_model">res.partner</field>
    <field name="search_view_id" ref="base.view_res_partner_filter"/>
    <field name="target">current</field>
    <field name="type">ir.actions.act_window</field>
    <field name="usage" eval="False"/>
    <field name="view_id" eval="False"/>
    <field name="view_mode">tree,kanban,form,map,activity</field>
  </record>
  <record id="stock.product_template_action_product" model="ir.actions.act_window" context="{'studio': True}">
    <field name="binding_model_id" eval="False"/>
    <field name="binding_type">action</field>
    <field name="binding_view_types">list,form</field>
    <field name="context">{"search_default_consumable": 1, 'default_type': 'product'}</field>
    <field name="domain" eval="False"/>
    <field name="filter" eval="False"/>
    <field name="groups_id" eval="[(6, 0, [])]"/>
    <field name="help"><![CDATA[<p class="o_view_nocontent_smiling_face">
                Create a new product
            </p>
        ]]></field>
    <field name="limit">80</field>
    <field name="name">Products</field>
    <field name="res_model">product.template</field>
    <field name="search_view_id" ref="stock.product_template_search_form_view_stock"/>
    <field name="target">current</field>
    <field name="type">ir.actions.act_window</field>
    <field name="usage" eval="False"/>
    <field name="view_id" eval="False"/>
    <field name="view_mode">tree,kanban,form</field>
  </record>
  <record id="studio_customization.car_manufacturers_b4741272-1c9f-4dd0-b305-f87b5000da26" model="ir.actions.act_window" context="{'studio': True}">
    <field name="binding_model_id" eval="False"/>
    <field name="binding_type">action</field>
    <field name="binding_view_types">list,form</field>
    <field name="context">{}</field>
    <field name="domain" eval="False"/>
    <field name="filter" eval="False"/>
    <field name="groups_id" eval="[(6, 0, [])]"/>
    <field name="help"><![CDATA[<p class="o_view_nocontent_smiling_face">
                        This is your new action ; by default, it contains a list view and a form view.
                    </p>
                    <p>
                        You can start customizing these screens by clicking on the Studio icon on the
                        top right corner (you can also customize this help message there).
                    </p>
                ]]></field>
    <field name="limit">80</field>
    <field name="name">Car Manufacturers</field>
    <field name="res_model">fleet.vehicle.model.brand</field>
    <field name="search_view_id" eval="False"/>
    <field name="target">current</field>
    <field name="type">ir.actions.act_window</field>
    <field name="usage" eval="False"/>
    <field name="view_id" eval="False"/>
    <field name="view_mode">tree,form</field>
  </record>
  <record id="studio_customization.configuration_9d0cff74-7ded-4c7d-8fbd-a2ac93e62eef" model="ir.actions.act_window" context="{'studio': True}">
    <field name="binding_model_id" eval="False"/>
    <field name="binding_type">action</field>
    <field name="binding_view_types">list,form</field>
    <field name="context">{}</field>
    <field name="domain" eval="False"/>
    <field name="filter" eval="False"/>
    <field name="groups_id" eval="[(6, 0, [])]"/>
    <field name="help"><![CDATA[<p class="o_view_nocontent_smiling_face">
                        This is your new action ; by default, it contains a list view and a form view.
                    </p>
                    <p>
                        You can start customizing these screens by clicking on the Studio icon on the
                        top right corner (you can also customize this help message there).
                    </p>
                ]]></field>
    <field name="limit">80</field>
    <field name="name">Configuration</field>
    <field name="res_model">x_configuration</field>
    <field name="search_view_id" eval="False"/>
    <field name="target">current</field>
    <field name="type">ir.actions.act_window</field>
    <field name="usage" eval="False"/>
    <field name="view_id" eval="False"/>
    <field name="view_mode">tree,form</field>
  </record>
  <record id="studio_customization.job_types_22cdcffc-6648-4d83-b9be-7b8c9ea92218" model="ir.actions.act_window" context="{'studio': True}">
    <field name="binding_model_id" eval="False"/>
    <field name="binding_type">action</field>
    <field name="binding_view_types">list,form</field>
    <field name="context">{}</field>
    <field name="domain" eval="False"/>
    <field name="filter" eval="False"/>
    <field name="groups_id" eval="[(6, 0, [])]"/>
    <field name="help"><![CDATA[<p class="o_view_nocontent_smiling_face">
                        This is your new action ; by default, it contains a list view and a form view.
                    </p>
                    <p>
                        You can start customizing these screens by clicking on the Studio icon on the
                        top right corner (you can also customize this help message there).
                    </p>
                ]]></field>
    <field name="limit">80</field>
    <field name="name">Job Types</field>
    <field name="res_model">fleet.vehicle.log.contract</field>
    <field name="search_view_id" eval="False"/>
    <field name="target">current</field>
    <field name="type">ir.actions.act_window</field>
    <field name="usage" eval="False"/>
    <field name="view_id" eval="False"/>
    <field name="view_mode">tree,form</field>
  </record>
  <record id="studio_customization.job_types_5e8aeed8-ac2b-4b95-bcb7-d7bfb8729dca" model="ir.actions.act_window" context="{'studio': True}">
    <field name="binding_model_id" eval="False"/>
    <field name="binding_type">action</field>
    <field name="binding_view_types">list,form</field>
    <field name="context">{}</field>
    <field name="domain" eval="False"/>
    <field name="filter" eval="False"/>
    <field name="groups_id" eval="[(6, 0, [])]"/>
    <field name="help"><![CDATA[<p class="o_view_nocontent_smiling_face">
                        This is your new action ; by default, it contains a list view and a form view.
                    </p>
                    <p>
                        You can start customizing these screens by clicking on the Studio icon on the
                        top right corner (you can also customize this help message there).
                    </p>
                ]]></field>
    <field name="limit">80</field>
    <field name="name">Job Types</field>
    <field name="res_model">x_job_types</field>
    <field name="search_view_id" eval="False"/>
    <field name="target">current</field>
    <field name="type">ir.actions.act_window</field>
    <field name="usage" eval="False"/>
    <field name="view_id" eval="False"/>
    <field name="view_mode">tree,form</field>
  </record>
  <record id="studio_customization.reporting_a9a6789c-2754-4e70-b1fd-c9dafdec6fe2" model="ir.actions.act_window" context="{'studio': True}">
    <field name="binding_model_id" eval="False"/>
    <field name="binding_type">action</field>
    <field name="binding_view_types">list,form</field>
    <field name="context">{}</field>
    <field name="domain" eval="False"/>
    <field name="filter" eval="False"/>
    <field name="groups_id" eval="[(6, 0, [])]"/>
    <field name="help"><![CDATA[<p class="o_view_nocontent_smiling_face">
                        This is your new action ; by default, it contains a list view and a form view.
                    </p>
                    <p>
                        You can start customizing these screens by clicking on the Studio icon on the
                        top right corner (you can also customize this help message there).
                    </p>
                ]]></field>
    <field name="limit">80</field>
    <field name="name">Reporting</field>
    <field name="res_model">x_reporting</field>
    <field name="search_view_id" eval="False"/>
    <field name="target">current</field>
    <field name="type">ir.actions.act_window</field>
    <field name="usage" eval="False"/>
    <field name="view_id" eval="False"/>
    <field name="view_mode">tree,form</field>
  </record>
  <record id="studio_customization.vehicle_diagnosis_f16926f9-0671-47e5-bbef-d02bad020269" model="ir.actions.act_window" context="{'studio': True}">
    <field name="binding_model_id" eval="False"/>
    <field name="binding_type">action</field>
    <field name="binding_view_types">list,form</field>
    <field name="context">{}</field>
    <field name="domain" eval="False"/>
    <field name="filter" eval="False"/>
    <field name="groups_id" eval="[(6, 0, [])]"/>
    <field name="help"><![CDATA[<p class="o_view_nocontent_smiling_face">
                        This is your new action ; by default, it contains a list view and a form view.
                    </p>
                    <p>
                        You can start customizing these screens by clicking on the Studio icon on the
                        top right corner (you can also customize this help message there).
                    </p>
                ]]></field>
    <field name="limit">80</field>
    <field name="name">Vehicle Diagnosis</field>
    <field name="res_model">x_vehicle_diagnosis</field>
    <field name="search_view_id" eval="False"/>
    <field name="target">current</field>
    <field name="type">ir.actions.act_window</field>
    <field name="usage" eval="False"/>
    <field name="view_id" eval="False"/>
    <field name="view_mode">tree,form</field>
  </record>
  <record id="studio_customization.vehicle_model_022a8e56-ca36-4b30-9c72-b6bf289b1c5e" model="ir.actions.act_window" context="{'studio': True}">
    <field name="binding_model_id" eval="False"/>
    <field name="binding_type">action</field>
    <field name="binding_view_types">list,form</field>
    <field name="context">{}</field>
    <field name="domain" eval="False"/>
    <field name="filter" eval="False"/>
    <field name="groups_id" eval="[(6, 0, [])]"/>
    <field name="help"><![CDATA[<p class="o_view_nocontent_smiling_face">
                        This is your new action ; by default, it contains a list view and a form view.
                    </p>
                    <p>
                        You can start customizing these screens by clicking on the Studio icon on the
                        top right corner (you can also customize this help message there).
                    </p>
                ]]></field>
    <field name="limit">80</field>
    <field name="name">Vehicle Model</field>
    <field name="res_model">fleet.vehicle.model</field>
    <field name="search_view_id" eval="False"/>
    <field name="target">current</field>
    <field name="type">ir.actions.act_window</field>
    <field name="usage" eval="False"/>
    <field name="view_id" eval="False"/>
    <field name="view_mode">tree,form</field>
  </record>
  <record id="studio_customization.vehicle_registration_fffe0652-b963-43fe-8fcb-cdc888f6991c" model="ir.actions.act_window" context="{'studio': True}">
    <field name="binding_model_id" eval="False"/>
    <field name="binding_type">action</field>
    <field name="binding_view_types">list,form</field>
    <field name="context">{}</field>
    <field name="domain" eval="False"/>
    <field name="filter" eval="False"/>
    <field name="groups_id" eval="[(6, 0, [])]"/>
    <field name="help"><![CDATA[<p class="o_view_nocontent_smiling_face">
                        This is your new action ; by default, it contains a list view and a form view.
                    </p>
                    <p>
                        You can start customizing these screens by clicking on the Studio icon on the
                        top right corner (you can also customize this help message there).
                    </p>
                ]]></field>
    <field name="limit">80</field>
    <field name="name">Vehicle Registration</field>
    <field name="res_model">x_vehicle_registration</field>
    <field name="search_view_id" eval="False"/>
    <field name="target">current</field>
    <field name="type">ir.actions.act_window</field>
    <field name="usage" eval="False"/>
    <field name="view_id" eval="False"/>
    <field name="view_mode">kanban,tree,form</field>
  </record>
  <record id="studio_customization.vehicle_repair_02bcfd64-b25c-4459-af86-3bf27a58b889" model="ir.actions.act_window" context="{'studio': True}">
    <field name="binding_model_id" eval="False"/>
    <field name="binding_type">action</field>
    <field name="binding_view_types">list,form</field>
    <field name="context">{}</field>
    <field name="domain" eval="False"/>
    <field name="filter" eval="False"/>
    <field name="groups_id" eval="[(6, 0, [])]"/>
    <field name="help"><![CDATA[<p class="o_view_nocontent_smiling_face">
                        This is your new action ; by default, it contains a list view and a form view.
                    </p>
                    <p>
                        You can start customizing these screens by clicking on the Studio icon on the
                        top right corner (you can also customize this help message there).
                    </p>
                ]]></field>
    <field name="limit">80</field>
    <field name="name">Vehicle Repair</field>
    <field name="res_model">x_vehicle_service</field>
    <field name="search_view_id" eval="False"/>
    <field name="target">current</field>
    <field name="type">ir.actions.act_window</field>
    <field name="usage" eval="False"/>
    <field name="view_id" eval="False"/>
    <field name="view_mode">tree,form</field>
  </record>
  <record id="studio_customization.vehicle_service_5976899d-f2b6-4960-a6fb-b92b9bbd4228" model="ir.actions.act_window" context="{'studio': True}">
    <field name="binding_model_id" eval="False"/>
    <field name="binding_type">action</field>
    <field name="binding_view_types">list,form</field>
    <field name="context">{}</field>
    <field name="domain" eval="False"/>
    <field name="filter" eval="False"/>
    <field name="groups_id" eval="[(6, 0, [])]"/>
    <field name="help"><![CDATA[<p class="o_view_nocontent_smiling_face">
                        This is your new action ; by default, it contains a list view and a form view.
                    </p>
                    <p>
                        You can start customizing these screens by clicking on the Studio icon on the
                        top right corner (you can also customize this help message there).
                    </p>
                ]]></field>
    <field name="limit">80</field>
    <field name="name">Vehicle Service</field>
    <field name="res_model">x_vehicle_service</field>
    <field name="search_view_id" eval="False"/>
    <field name="target">current</field>
    <field name="type">ir.actions.act_window</field>
    <field name="usage" eval="False"/>
    <field name="view_id" eval="False"/>
    <field name="view_mode">tree,form,kanban</field>
  </record>
  <record id="studio_customization.vehicle_status_81dbd0c1-c91a-443b-9ad3-d199d4ef807b" model="ir.actions.act_window" context="{'studio': True}">
    <field name="binding_model_id" eval="False"/>
    <field name="binding_type">action</field>
    <field name="binding_view_types">list,form</field>
    <field name="context">{}</field>
    <field name="domain" eval="False"/>
    <field name="filter" eval="False"/>
    <field name="groups_id" eval="[(6, 0, [])]"/>
    <field name="help"><![CDATA[<p class="o_view_nocontent_smiling_face">
                        This is your new action ; by default, it contains a list view and a form view.
                    </p>
                    <p>
                        You can start customizing these screens by clicking on the Studio icon on the
                        top right corner (you can also customize this help message there).
                    </p>
                ]]></field>
    <field name="limit">80</field>
    <field name="name">Vehicle Status</field>
    <field name="res_model">fleet.vehicle.state</field>
    <field name="search_view_id" eval="False"/>
    <field name="target">current</field>
    <field name="type">ir.actions.act_window</field>
    <field name="usage" eval="False"/>
    <field name="view_id" eval="False"/>
    <field name="view_mode">tree,form</field>
  </record>
  <record id="studio_customization.workshop_teams_71488aa4-247c-431d-8309-ef10f55bc307" model="ir.actions.act_window" context="{'studio': True}">
    <field name="binding_model_id" eval="False"/>
    <field name="binding_type">action</field>
    <field name="binding_view_types">list,form</field>
    <field name="context">{}</field>
    <field name="domain" eval="False"/>
    <field name="filter" eval="False"/>
    <field name="groups_id" eval="[(6, 0, [])]"/>
    <field name="help"><![CDATA[<p class="o_view_nocontent_smiling_face">
                        This is your new action ; by default, it contains a list view and a form view.
                    </p>
                    <p>
                        You can start customizing these screens by clicking on the Studio icon on the
                        top right corner (you can also customize this help message there).
                    </p>
                ]]></field>
    <field name="limit">80</field>
    <field name="name">Workshop Teams</field>
    <field name="res_model">maintenance.team</field>
    <field name="search_view_id" eval="False"/>
    <field name="target">current</field>
    <field name="type">ir.actions.act_window</field>
    <field name="usage" eval="False"/>
    <field name="view_id" eval="False"/>
    <field name="view_mode">tree,form</field>
  </record>
</odoo>
