<?xml version='1.0' encoding='UTF-8'?>
<odoo>
  <record id="studio_customization.approver_check_statu_c0870ec1-97d1-4801-9b67-d45fbda60991" model="ir.actions.server" context="{'studio': True}">
    <field name="binding_model_id" eval="False"/>
    <field name="binding_type">action</field>
    <field name="binding_view_types">list,form</field>
    <field name="child_ids" eval="[(6, 0, [])]"/>
    <field name="code"><![CDATA[# Available variables:
#  - env: Odoo Environment on which the action is triggered
#  - model: Odoo Model of the record on which the action is triggered; is a void recordset
#  - record: record on which the action is triggered; may be void
#  - records: recordset of all records on which the action is triggered in multi-mode; may be void
#  - time, datetime, dateutil, timezone: useful Python libraries
#  - log: log(message, level='info'): logging function to record debug information in ir.logging table
#  - Warning: Warning Exception to use with raise
# To return an action, assign: action = {...}



]]></field>
    <field name="crud_model_id" eval="False"/>
    <field name="help" eval="False"/>
    <field name="link_field_id" eval="False"/>
    <field name="model_id" ref="sale.model_sale_order"/>
    <field name="name">Approver: Check Status</field>
    <field name="sequence">5</field>
    <field name="state">email</field>
  </record>
  <record id="studio_customization.001_customer_case_na_6851f6bf-dbe3-48b0-a854-19ec1a85b0c6" model="ir.actions.server" context="{'studio': True}">
    <field name="binding_model_id" eval="False"/>
    <field name="binding_type">action</field>
    <field name="binding_view_types">list,form</field>
    <field name="child_ids" eval="[(6, 0, [])]"/>
    <field name="code"><![CDATA[# Available variables:
#  - env: Odoo Environment on which the action is triggered
#  - model: Odoo Model of the record on which the action is triggered; is a void recordset
#  - record: record on which the action is triggered; may be void
#  - records: recordset of all records on which the action is triggered in multi-mode; may be void
#  - time, datetime, dateutil, timezone: useful Python libraries
#  - log: log(message, level='info'): logging function to record debug information in ir.logging table
#  - Warning: Warning Exception to use with raise
# To return an action, assign: action = {...}


if not record.x_name:
	record.write({
	'x_name': str(record.x_studio_customer_name) + '/' + str(record.x_studio_chassis_number) 
	})
]]></field>
    <field name="crud_model_id" eval="False"/>
    <field name="help" eval="False"/>
    <field name="link_field_id" eval="False"/>
    <field name="model_id" ref="studio_customization.vehicle_registration_8df3de6a-7d45-4324-af82-e64cab3900b1"/>
    <field name="name">001 Customer Case Name</field>
    <field name="sequence">5</field>
    <field name="state">code</field>
  </record>
  <record id="studio_customization.005_create_base_sequ_4900ca72-aa4d-4b2e-8a53-8684b5a033c6" model="ir.actions.server" context="{'studio': True}">
    <field name="binding_model_id" eval="False"/>
    <field name="binding_type">action</field>
    <field name="binding_view_types">list,form</field>
    <field name="child_ids" eval="[(6, 0, [])]"/>
    <field name="code"><![CDATA[# Available variables:
#  - env: Odoo Environment on which the action is triggered
#  - model: Odoo Model of the record on which the action is triggered; is a void recordset
#  - record: record on which the action is triggered; may be void
#  - records: recordset of all records on which the action is triggered in multi-mode; may be void
#  - time, datetime, dateutil, timezone: useful Python libraries
#  - log: log(message, level='info'): logging function to record debug information in ir.logging table
#  - Warning: Warning Exception to use with raise
# To return an action, assign: action = {...}
if not record.x_studio_base_sequence:
	record.write({
	'x_studio_base_sequence': str(env['ir.sequence'].next_by_code('x_vehicle_service'))
	})


]]></field>
    <field name="crud_model_id" eval="False"/>
    <field name="help" eval="False"/>
    <field name="link_field_id" eval="False"/>
    <field name="model_id" ref="studio_customization.vehicle_service_834ede15-fe6d-4038-8a01-7966c499e593"/>
    <field name="name">005 Create Base Sequence</field>
    <field name="sequence">5</field>
    <field name="state">code</field>
  </record>
  <record id="studio_customization.006_put_sr_on_repair_d9107390-4269-46f8-ab89-f38eb61457f4" model="ir.actions.server" context="{'studio': True}">
    <field name="binding_model_id" eval="False"/>
    <field name="binding_type">action</field>
    <field name="binding_view_types">list,form</field>
    <field name="child_ids" eval="[(6, 0, [])]"/>
    <field name="code"><![CDATA[# Available variables:
#  - env: Odoo Environment on which the action is triggered
#  - model: Odoo Model of the record on which the action is triggered; is a void recordset
#  - record: record on which the action is triggered; may be void
#  - records: recordset of all records on which the action is triggered in multi-mode; may be void
#  - time, datetime, dateutil, timezone: useful Python libraries
#  - log: log(message, level='info'): logging function to record debug information in ir.logging table
#  - Warning: Warning Exception to use with raise
# To return an action, assign: action = {...}

record['x_name'] =  record.x_studio_base_sequence

]]></field>
    <field name="crud_model_id" eval="False"/>
    <field name="help" eval="False"/>
    <field name="link_field_id" eval="False"/>
    <field name="model_id" ref="studio_customization.vehicle_service_834ede15-fe6d-4038-8a01-7966c499e593"/>
    <field name="name">006 Put SR on Repair Form</field>
    <field name="sequence">5</field>
    <field name="state">code</field>
  </record>
  <record id="studio_customization.007_create_ticket_in_215f5af6-e6de-4102-9b56-f6e2d870bd1e" model="ir.actions.server" context="{'studio': True}">
    <field name="binding_model_id" eval="False"/>
    <field name="binding_type">action</field>
    <field name="binding_view_types">list,form</field>
    <field name="child_ids" eval="[(6, 0, [])]"/>
    <field name="code"><![CDATA[# Available variables:
#  - env: Odoo Environment on which the action is triggered
#  - model: Odoo Model of the record on which the action is triggered; is a void recordset
#  - record: record on which the action is triggered; may be void
#  - records: recordset of all records on which the action is triggered in multi-mode; may be void
#  - time, datetime, dateutil, timezone: useful Python libraries
#  - log: log(message, level='info'): logging function to record debug information in ir.logging table
#  - Warning: Warning Exception to use with raise
# To return an action, assign: action = {...}



]]></field>
    <field name="crud_model_id" ref="helpdesk.model_helpdesk_ticket"/>
    <field name="help" eval="False"/>
    <field name="link_field_id" eval="False"/>
    <field name="model_id" ref="studio_customization.vehicle_service_834ede15-fe6d-4038-8a01-7966c499e593"/>
    <field name="name">007 Create Ticket in Helpdesk</field>
    <field name="sequence">5</field>
    <field name="state">object_create</field>
  </record>
</odoo>
