<?xml version='1.0' encoding='UTF-8'?>
<odoo>
  <record id="studio_customization.vehicle_service_834ede15-fe6d-4038-8a01-7966c499e593" model="ir.model" context="{'studio': True}">
    <field name="info"> Main super-class for regular database-persisted Odoo models.

    Odoo models are created by inheriting from this class::

        class user(Model):
            ...

    The system will later instantiate the class once per database (on
    which the class' module is installed).
    </field>
    <field name="is_mail_thread" eval="False"/>
    <field name="is_mail_activity" eval="False"/>
    <field name="model">x_vehicle_service</field>
    <field name="name">Vehicle Service</field>
    <field name="state">manual</field>
    <field name="transient" eval="False"/>
  </record>
  <record id="studio_customization.vehicle_registration_8df3de6a-7d45-4324-af82-e64cab3900b1" model="ir.model" context="{'studio': True}">
    <field name="info"> Main super-class for regular database-persisted Odoo models.

    Odoo models are created by inheriting from this class::

        class user(Model):
            ...

    The system will later instantiate the class once per database (on
    which the class' module is installed).
    </field>
    <field name="is_mail_thread" eval="False"/>
    <field name="is_mail_activity" eval="False"/>
    <field name="model">x_vehicle_registration</field>
    <field name="name">Vehicle Registration</field>
    <field name="state">manual</field>
    <field name="transient" eval="False"/>
  </record>
  <record id="studio_customization.reporting_54cedbec-0082-4579-9975-ca4ed3b28755" model="ir.model" context="{'studio': True}">
    <field name="info"> Main super-class for regular database-persisted Odoo models.

    Odoo models are created by inheriting from this class::

        class user(Model):
            ...

    The system will later instantiate the class once per database (on
    which the class' module is installed).
    </field>
    <field name="is_mail_thread" eval="False"/>
    <field name="is_mail_activity" eval="False"/>
    <field name="model">x_reporting</field>
    <field name="name">Reporting</field>
    <field name="state">manual</field>
    <field name="transient" eval="False"/>
  </record>
  <record id="studio_customization.configuration_082994cf-0da0-400e-937b-58c622cf7fa4" model="ir.model" context="{'studio': True}">
    <field name="info"> Main super-class for regular database-persisted Odoo models.

    Odoo models are created by inheriting from this class::

        class user(Model):
            ...

    The system will later instantiate the class once per database (on
    which the class' module is installed).
    </field>
    <field name="is_mail_thread" eval="False"/>
    <field name="is_mail_activity" eval="False"/>
    <field name="model">x_configuration</field>
    <field name="name">Configuration</field>
    <field name="state">manual</field>
    <field name="transient" eval="False"/>
  </record>
  <record id="studio_customization.vehicle_diagnosis_ea3c24a6-9d9b-4629-9b2d-37dfa67c1ce3" model="ir.model" context="{'studio': True}">
    <field name="info"> Main super-class for regular database-persisted Odoo models.

    Odoo models are created by inheriting from this class::

        class user(Model):
            ...

    The system will later instantiate the class once per database (on
    which the class' module is installed).
    </field>
    <field name="is_mail_thread" eval="False"/>
    <field name="is_mail_activity" eval="False"/>
    <field name="model">x_vehicle_diagnosis</field>
    <field name="name">Vehicle Diagnosis</field>
    <field name="state">manual</field>
    <field name="transient" eval="False"/>
  </record>
  <record id="studio_customization.job_types_445db60a-afe5-4259-b064-23b0198dbee5" model="ir.model" context="{'studio': True}">
    <field name="info"> Main super-class for regular database-persisted Odoo models.

    Odoo models are created by inheriting from this class::

        class user(Model):
            ...

    The system will later instantiate the class once per database (on
    which the class' module is installed).
    </field>
    <field name="is_mail_thread" eval="False"/>
    <field name="is_mail_activity" eval="False"/>
    <field name="model">x_job_types</field>
    <field name="name">Job Types</field>
    <field name="state">manual</field>
    <field name="transient" eval="False"/>
  </record>
</odoo>
