<?xml version='1.0' encoding='UTF-8'?>
<odoo>
  <record id="studio_customization.vehicle_service_grou_b906bdb9-20d6-49f0-b4e2-94d99a81a5c8" model="ir.model.access" context="{'studio': True}">
    <field name="active" eval="True"/>
    <field name="group_id" ref="base.group_system"/>
    <field name="model_id" ref="studio_customization.vehicle_service_834ede15-fe6d-4038-8a01-7966c499e593"/>
    <field name="name">Vehicle Service group_system</field>
    <field name="perm_create" eval="True"/>
    <field name="perm_read" eval="True"/>
    <field name="perm_unlink" eval="True"/>
    <field name="perm_write" eval="True"/>
  </record>
  <record id="studio_customization.vehicle_service_grou_f566fd58-1c81-4b41-8df7-4c6b9d867902" model="ir.model.access" context="{'studio': True}">
    <field name="active" eval="True"/>
    <field name="group_id" ref="base.group_user"/>
    <field name="model_id" ref="studio_customization.vehicle_service_834ede15-fe6d-4038-8a01-7966c499e593"/>
    <field name="name">Vehicle Service group_user</field>
    <field name="perm_create" eval="False"/>
    <field name="perm_read" eval="True"/>
    <field name="perm_unlink" eval="False"/>
    <field name="perm_write" eval="False"/>
  </record>
  <record id="studio_customization.vehicle_registration_3942e40b-8421-486b-8734-8a18ae7ef7d7" model="ir.model.access" context="{'studio': True}">
    <field name="active" eval="True"/>
    <field name="group_id" ref="base.group_system"/>
    <field name="model_id" ref="studio_customization.vehicle_registration_8df3de6a-7d45-4324-af82-e64cab3900b1"/>
    <field name="name">Vehicle Registration group_system</field>
    <field name="perm_create" eval="True"/>
    <field name="perm_read" eval="True"/>
    <field name="perm_unlink" eval="True"/>
    <field name="perm_write" eval="True"/>
  </record>
  <record id="studio_customization.vehicle_registration_ccceaa25-e01c-4019-bd73-58497674bdf1" model="ir.model.access" context="{'studio': True}">
    <field name="active" eval="True"/>
    <field name="group_id" ref="base.group_user"/>
    <field name="model_id" ref="studio_customization.vehicle_registration_8df3de6a-7d45-4324-af82-e64cab3900b1"/>
    <field name="name">Vehicle Registration group_user</field>
    <field name="perm_create" eval="False"/>
    <field name="perm_read" eval="True"/>
    <field name="perm_unlink" eval="False"/>
    <field name="perm_write" eval="False"/>
  </record>
  <record id="studio_customization.reporting_group_syst_928724eb-0cb2-48cf-8fb7-7243e2f1b2de" model="ir.model.access" context="{'studio': True}">
    <field name="active" eval="True"/>
    <field name="group_id" ref="base.group_system"/>
    <field name="model_id" ref="studio_customization.reporting_54cedbec-0082-4579-9975-ca4ed3b28755"/>
    <field name="name">Reporting group_system</field>
    <field name="perm_create" eval="True"/>
    <field name="perm_read" eval="True"/>
    <field name="perm_unlink" eval="True"/>
    <field name="perm_write" eval="True"/>
  </record>
  <record id="studio_customization.reporting_group_user_7592475e-9a43-454a-9dd3-83e60ac33f99" model="ir.model.access" context="{'studio': True}">
    <field name="active" eval="True"/>
    <field name="group_id" ref="base.group_user"/>
    <field name="model_id" ref="studio_customization.reporting_54cedbec-0082-4579-9975-ca4ed3b28755"/>
    <field name="name">Reporting group_user</field>
    <field name="perm_create" eval="False"/>
    <field name="perm_read" eval="True"/>
    <field name="perm_unlink" eval="False"/>
    <field name="perm_write" eval="False"/>
  </record>
  <record id="studio_customization.configuration_group__07e8af08-7803-44d4-945c-5576e77fda81" model="ir.model.access" context="{'studio': True}">
    <field name="active" eval="True"/>
    <field name="group_id" ref="base.group_system"/>
    <field name="model_id" ref="studio_customization.configuration_082994cf-0da0-400e-937b-58c622cf7fa4"/>
    <field name="name">Configuration group_system</field>
    <field name="perm_create" eval="True"/>
    <field name="perm_read" eval="True"/>
    <field name="perm_unlink" eval="True"/>
    <field name="perm_write" eval="True"/>
  </record>
  <record id="studio_customization.configuration_group__632ad8c0-7acf-4fb4-a928-05a6a0bd69d9" model="ir.model.access" context="{'studio': True}">
    <field name="active" eval="True"/>
    <field name="group_id" ref="base.group_user"/>
    <field name="model_id" ref="studio_customization.configuration_082994cf-0da0-400e-937b-58c622cf7fa4"/>
    <field name="name">Configuration group_user</field>
    <field name="perm_create" eval="False"/>
    <field name="perm_read" eval="True"/>
    <field name="perm_unlink" eval="False"/>
    <field name="perm_write" eval="False"/>
  </record>
  <record id="studio_customization.vehicle_diagnosis_gr_fb9679eb-437a-41f8-81bc-6c13a4372808" model="ir.model.access" context="{'studio': True}">
    <field name="active" eval="True"/>
    <field name="group_id" ref="base.group_system"/>
    <field name="model_id" ref="studio_customization.vehicle_diagnosis_ea3c24a6-9d9b-4629-9b2d-37dfa67c1ce3"/>
    <field name="name">Vehicle Diagnosis group_system</field>
    <field name="perm_create" eval="True"/>
    <field name="perm_read" eval="True"/>
    <field name="perm_unlink" eval="True"/>
    <field name="perm_write" eval="True"/>
  </record>
  <record id="studio_customization.vehicle_diagnosis_gr_a4aa9228-4998-4f96-83d8-535090635a19" model="ir.model.access" context="{'studio': True}">
    <field name="active" eval="True"/>
    <field name="group_id" ref="base.group_user"/>
    <field name="model_id" ref="studio_customization.vehicle_diagnosis_ea3c24a6-9d9b-4629-9b2d-37dfa67c1ce3"/>
    <field name="name">Vehicle Diagnosis group_user</field>
    <field name="perm_create" eval="False"/>
    <field name="perm_read" eval="True"/>
    <field name="perm_unlink" eval="False"/>
    <field name="perm_write" eval="False"/>
  </record>
  <record id="studio_customization.job_types_group_syst_67d5bc71-cb5c-4f5b-83c1-fc0f0cdc80b3" model="ir.model.access" context="{'studio': True}">
    <field name="active" eval="True"/>
    <field name="group_id" ref="base.group_system"/>
    <field name="model_id" ref="studio_customization.job_types_445db60a-afe5-4259-b064-23b0198dbee5"/>
    <field name="name">Job Types group_system</field>
    <field name="perm_create" eval="True"/>
    <field name="perm_read" eval="True"/>
    <field name="perm_unlink" eval="True"/>
    <field name="perm_write" eval="True"/>
  </record>
  <record id="studio_customization.job_types_group_user_b45ddbe7-e9d4-43f8-b910-9f41e43e9f01" model="ir.model.access" context="{'studio': True}">
    <field name="active" eval="True"/>
    <field name="group_id" ref="base.group_user"/>
    <field name="model_id" ref="studio_customization.job_types_445db60a-afe5-4259-b064-23b0198dbee5"/>
    <field name="name">Job Types group_user</field>
    <field name="perm_create" eval="False"/>
    <field name="perm_read" eval="True"/>
    <field name="perm_unlink" eval="False"/>
    <field name="perm_write" eval="False"/>
  </record>
</odoo>
