<?xml version='1.0' encoding='UTF-8'?>
<odoo>
  <record id="studio_customization.new_text_contact_41a22405-5f7c-4908-b155-737d3d25208e" model="ir.model.fields" context="{'studio': True}">
    <field name="complete_name" eval="False"/>
    <field name="compute" eval="False"/>
    <field name="copied" eval="False"/>
    <field name="depends" eval="False"/>
    <field name="domain">[]</field>
    <field name="field_description">Market Code</field>
    <field name="groups" eval="[(6, 0, [])]"/>
    <field name="help" eval="False"/>
    <field name="index" eval="False"/>
    <field name="model">res.partner</field>
    <field name="model_id" ref="base.model_res_partner"/>
    <field name="name">x_studio_market_code</field>
    <field name="on_delete" eval="False"/>
    <field name="readonly" eval="False"/>
    <field name="related" eval="False"/>
    <field name="relation" eval="False"/>
    <field name="relation_field" eval="False"/>
    <field name="relation_table" eval="False"/>
    <field name="required" eval="False"/>
    <field name="selectable" eval="True"/>
    <field name="selection" eval="False"/>
    <field name="size" eval="False"/>
    <field name="state">manual</field>
    <field name="store" eval="True"/>
    <field name="tracking" eval="False"/>
    <field name="translate" eval="False"/>
    <field name="ttype">char</field>
  </record>
  <record id="studio_customization.new_text_contact_c9855d32-3e55-4444-abd2-4b0572b8b493" model="ir.model.fields" context="{'studio': True}">
    <field name="complete_name" eval="False"/>
    <field name="compute" eval="False"/>
    <field name="copied" eval="False"/>
    <field name="depends" eval="False"/>
    <field name="domain">[]</field>
    <field name="field_description">Vehicle Type</field>
    <field name="groups" eval="[(6, 0, [])]"/>
    <field name="help" eval="False"/>
    <field name="index" eval="False"/>
    <field name="model">res.partner</field>
    <field name="model_id" ref="base.model_res_partner"/>
    <field name="name">x_studio_vehicle_type</field>
    <field name="on_delete" eval="False"/>
    <field name="readonly" eval="False"/>
    <field name="related" eval="False"/>
    <field name="relation" eval="False"/>
    <field name="relation_field" eval="False"/>
    <field name="relation_table" eval="False"/>
    <field name="required" eval="False"/>
    <field name="selectable" eval="True"/>
    <field name="selection" eval="False"/>
    <field name="size" eval="False"/>
    <field name="state">manual</field>
    <field name="store" eval="True"/>
    <field name="tracking" eval="False"/>
    <field name="translate" eval="False"/>
    <field name="ttype">char</field>
  </record>
  <record id="studio_customization.new_text_product_tem_1283844f-6c13-436f-afad-e2b677c00116" model="ir.model.fields" context="{'studio': True}">
    <field name="complete_name" eval="False"/>
    <field name="compute" eval="False"/>
    <field name="copied" eval="False"/>
    <field name="depends" eval="False"/>
    <field name="domain">[]</field>
    <field name="field_description">Market Code</field>
    <field name="groups" eval="[(6, 0, [])]"/>
    <field name="help" eval="False"/>
    <field name="index" eval="False"/>
    <field name="model">product.template</field>
    <field name="model_id" ref="product.model_product_template"/>
    <field name="name">x_studio_market_code</field>
    <field name="on_delete" eval="False"/>
    <field name="readonly" eval="False"/>
    <field name="related" eval="False"/>
    <field name="relation" eval="False"/>
    <field name="relation_field" eval="False"/>
    <field name="relation_table" eval="False"/>
    <field name="required" eval="False"/>
    <field name="selectable" eval="True"/>
    <field name="selection" eval="False"/>
    <field name="size" eval="False"/>
    <field name="state">manual</field>
    <field name="store" eval="True"/>
    <field name="tracking" eval="False"/>
    <field name="translate" eval="False"/>
    <field name="ttype">char</field>
  </record>
  <record id="studio_customization.new_text_product_tem_76365938-fb6d-45fd-9ed4-60a2bdf3b40c" model="ir.model.fields" context="{'studio': True}">
    <field name="complete_name" eval="False"/>
    <field name="compute" eval="False"/>
    <field name="copied" eval="False"/>
    <field name="depends" eval="False"/>
    <field name="domain">[]</field>
    <field name="field_description">Vehicle Type</field>
    <field name="groups" eval="[(6, 0, [])]"/>
    <field name="help" eval="False"/>
    <field name="index" eval="False"/>
    <field name="model">product.template</field>
    <field name="model_id" ref="product.model_product_template"/>
    <field name="name">x_studio_vehicle_type</field>
    <field name="on_delete" eval="False"/>
    <field name="readonly" eval="False"/>
    <field name="related" eval="False"/>
    <field name="relation" eval="False"/>
    <field name="relation_field" eval="False"/>
    <field name="relation_table" eval="False"/>
    <field name="required" eval="False"/>
    <field name="selectable" eval="True"/>
    <field name="selection" eval="False"/>
    <field name="size" eval="False"/>
    <field name="state">manual</field>
    <field name="store" eval="True"/>
    <field name="tracking" eval="False"/>
    <field name="translate" eval="False"/>
    <field name="ttype">char</field>
  </record>
  <record id="studio_customization.new_text_asset_reven_2e4a807a-0605-45f2-9e07-d39202eb2abb" model="ir.model.fields" context="{'studio': True}">
    <field name="complete_name" eval="False"/>
    <field name="compute" eval="False"/>
    <field name="copied" eval="False"/>
    <field name="depends" eval="False"/>
    <field name="domain">[]</field>
    <field name="field_description">Asset Tag</field>
    <field name="groups" eval="[(6, 0, [])]"/>
    <field name="help" eval="False"/>
    <field name="index" eval="False"/>
    <field name="model">account.asset</field>
    <field name="model_id" ref="account_asset.model_account_asset"/>
    <field name="name">x_studio_asset_tag</field>
    <field name="on_delete" eval="False"/>
    <field name="readonly" eval="False"/>
    <field name="related" eval="False"/>
    <field name="relation" eval="False"/>
    <field name="relation_field" eval="False"/>
    <field name="relation_table" eval="False"/>
    <field name="required" eval="False"/>
    <field name="selectable" eval="True"/>
    <field name="selection" eval="False"/>
    <field name="size" eval="False"/>
    <field name="state">manual</field>
    <field name="store" eval="True"/>
    <field name="tracking" eval="False"/>
    <field name="translate" eval="False"/>
    <field name="ttype">char</field>
  </record>
  <record id="studio_customization.new_text_asset_reven_23839dcd-a103-4fc6-ad12-46abbe98e097" model="ir.model.fields" context="{'studio': True}">
    <field name="complete_name" eval="False"/>
    <field name="compute" eval="False"/>
    <field name="copied" eval="False"/>
    <field name="depends" eval="False"/>
    <field name="domain">[]</field>
    <field name="field_description">Asset Used Place</field>
    <field name="groups" eval="[(6, 0, [])]"/>
    <field name="help" eval="False"/>
    <field name="index" eval="False"/>
    <field name="model">account.asset</field>
    <field name="model_id" ref="account_asset.model_account_asset"/>
    <field name="name">x_studio_asset_used_place</field>
    <field name="on_delete" eval="False"/>
    <field name="readonly" eval="False"/>
    <field name="related" eval="False"/>
    <field name="relation" eval="False"/>
    <field name="relation_field" eval="False"/>
    <field name="relation_table" eval="False"/>
    <field name="required" eval="False"/>
    <field name="selectable" eval="True"/>
    <field name="selection" eval="False"/>
    <field name="size" eval="False"/>
    <field name="state">manual</field>
    <field name="store" eval="True"/>
    <field name="tracking" eval="False"/>
    <field name="translate" eval="False"/>
    <field name="ttype">char</field>
  </record>
  <record id="studio_customization.users_asset_revenue__61261066-4d0e-4914-8570-28cedf24bf0f" model="ir.model.fields" context="{'studio': True}">
    <field name="complete_name" eval="False"/>
    <field name="compute" eval="False"/>
    <field name="copied" eval="False"/>
    <field name="depends" eval="False"/>
    <field name="domain">[]</field>
    <field name="field_description">Asset Custodian</field>
    <field name="groups" eval="[(6, 0, [])]"/>
    <field name="help" eval="False"/>
    <field name="index" eval="False"/>
    <field name="model">account.asset</field>
    <field name="model_id" ref="account_asset.model_account_asset"/>
    <field name="name">x_studio_asset_custodian</field>
    <field name="on_delete">set null</field>
    <field name="readonly" eval="False"/>
    <field name="related" eval="False"/>
    <field name="relation">res.users</field>
    <field name="relation_field" eval="False"/>
    <field name="relation_table" eval="False"/>
    <field name="required" eval="False"/>
    <field name="selectable" eval="True"/>
    <field name="selection" eval="False"/>
    <field name="size" eval="False"/>
    <field name="state">manual</field>
    <field name="store" eval="True"/>
    <field name="tracking" eval="False"/>
    <field name="translate" eval="False"/>
    <field name="ttype">many2one</field>
  </record>
  <record id="studio_customization.name_vehicle_service_e0db8c48-8415-4f45-8d78-b2cd3a8cbc48" model="ir.model.fields" context="{'studio': True}">
    <field name="complete_name" eval="False"/>
    <field name="compute" eval="False"/>
    <field name="copied" eval="False"/>
    <field name="depends" eval="False"/>
    <field name="domain">[]</field>
    <field name="field_description">Repair Reference Number</field>
    <field name="groups" eval="[(6, 0, [])]"/>
    <field name="help" eval="False"/>
    <field name="index" eval="False"/>
    <field name="model">x_vehicle_service</field>
    <field name="model_id" ref="studio_customization.vehicle_service_834ede15-fe6d-4038-8a01-7966c499e593"/>
    <field name="name">x_name</field>
    <field name="on_delete" eval="False"/>
    <field name="readonly" eval="False"/>
    <field name="related" eval="False"/>
    <field name="relation" eval="False"/>
    <field name="relation_field" eval="False"/>
    <field name="relation_table" eval="False"/>
    <field name="required" eval="False"/>
    <field name="selectable" eval="True"/>
    <field name="selection" eval="False"/>
    <field name="size" eval="False"/>
    <field name="state">manual</field>
    <field name="store" eval="True"/>
    <field name="tracking" eval="False"/>
    <field name="translate" eval="False"/>
    <field name="ttype">char</field>
  </record>
  <record id="studio_customization.new_text_vehicle_ser_247e0bcd-3266-4300-bd6f-e50c5b4976f4" model="ir.model.fields" context="{'studio': True}">
    <field name="complete_name" eval="False"/>
    <field name="compute" eval="False"/>
    <field name="copied" eval="False"/>
    <field name="depends" eval="False"/>
    <field name="domain">[]</field>
    <field name="field_description">License Plate</field>
    <field name="groups" eval="[(6, 0, [])]"/>
    <field name="help" eval="False"/>
    <field name="index" eval="False"/>
    <field name="model">x_vehicle_service</field>
    <field name="model_id" ref="studio_customization.vehicle_service_834ede15-fe6d-4038-8a01-7966c499e593"/>
    <field name="name">x_studio_license_plate</field>
    <field name="on_delete" eval="False"/>
    <field name="readonly" eval="False"/>
    <field name="related" eval="False"/>
    <field name="relation" eval="False"/>
    <field name="relation_field" eval="False"/>
    <field name="relation_table" eval="False"/>
    <field name="required" eval="False"/>
    <field name="selectable" eval="True"/>
    <field name="selection" eval="False"/>
    <field name="size" eval="False"/>
    <field name="state">manual</field>
    <field name="store" eval="True"/>
    <field name="tracking" eval="False"/>
    <field name="translate" eval="False"/>
    <field name="ttype">char</field>
  </record>
  <record id="studio_customization.new_text_vehicle_ser_360bdc64-5913-490d-988a-d56803e9bca4" model="ir.model.fields" context="{'studio': True}">
    <field name="complete_name" eval="False"/>
    <field name="compute" eval="False"/>
    <field name="copied" eval="False"/>
    <field name="depends" eval="False"/>
    <field name="domain">[]</field>
    <field name="field_description">Chasis Number</field>
    <field name="groups" eval="[(6, 0, [])]"/>
    <field name="help" eval="False"/>
    <field name="index" eval="False"/>
    <field name="model">x_vehicle_service</field>
    <field name="model_id" ref="studio_customization.vehicle_service_834ede15-fe6d-4038-8a01-7966c499e593"/>
    <field name="name">x_studio_chasis_number</field>
    <field name="on_delete" eval="False"/>
    <field name="readonly" eval="False"/>
    <field name="related" eval="False"/>
    <field name="relation" eval="False"/>
    <field name="relation_field" eval="False"/>
    <field name="relation_table" eval="False"/>
    <field name="required" eval="False"/>
    <field name="selectable" eval="True"/>
    <field name="selection" eval="False"/>
    <field name="size" eval="False"/>
    <field name="state">manual</field>
    <field name="store" eval="True"/>
    <field name="tracking" eval="False"/>
    <field name="translate" eval="False"/>
    <field name="ttype">char</field>
  </record>
  <record id="studio_customization.companies_vehicle_se_a62d7b94-4f92-4b68-b74f-807b27f50024" model="ir.model.fields" context="{'studio': True}">
    <field name="complete_name" eval="False"/>
    <field name="compute" eval="False"/>
    <field name="copied" eval="False"/>
    <field name="depends" eval="False"/>
    <field name="domain">[]</field>
    <field name="field_description">Service Center</field>
    <field name="groups" eval="[(6, 0, [])]"/>
    <field name="help" eval="False"/>
    <field name="index" eval="False"/>
    <field name="model">x_vehicle_service</field>
    <field name="model_id" ref="studio_customization.vehicle_service_834ede15-fe6d-4038-8a01-7966c499e593"/>
    <field name="name">x_studio_service_center</field>
    <field name="on_delete">set null</field>
    <field name="readonly" eval="False"/>
    <field name="related" eval="False"/>
    <field name="relation">res.company</field>
    <field name="relation_field" eval="False"/>
    <field name="relation_table" eval="False"/>
    <field name="required" eval="False"/>
    <field name="selectable" eval="True"/>
    <field name="selection" eval="False"/>
    <field name="size" eval="False"/>
    <field name="state">manual</field>
    <field name="store" eval="True"/>
    <field name="tracking" eval="False"/>
    <field name="translate" eval="False"/>
    <field name="ttype">many2one</field>
  </record>
  <record id="studio_customization.priority_vehicle_ser_3f1fb71f-f6fa-4a3f-a49a-17840d1261b8" model="ir.model.fields" context="{'studio': True}">
    <field name="complete_name" eval="False"/>
    <field name="compute" eval="False"/>
    <field name="copied" eval="False"/>
    <field name="depends" eval="False"/>
    <field name="domain">[]</field>
    <field name="field_description">Priority</field>
    <field name="groups" eval="[(6, 0, [])]"/>
    <field name="help" eval="False"/>
    <field name="index" eval="False"/>
    <field name="model">x_vehicle_service</field>
    <field name="model_id" ref="studio_customization.vehicle_service_834ede15-fe6d-4038-8a01-7966c499e593"/>
    <field name="name">x_priority</field>
    <field name="on_delete" eval="False"/>
    <field name="readonly" eval="False"/>
    <field name="related" eval="False"/>
    <field name="relation" eval="False"/>
    <field name="relation_field" eval="False"/>
    <field name="relation_table" eval="False"/>
    <field name="required" eval="False"/>
    <field name="selectable" eval="True"/>
    <field name="selection">[('0', 'Low'), ('1', 'Normal'), ('2', 'High')]</field>
    <field name="size" eval="False"/>
    <field name="state">manual</field>
    <field name="store" eval="True"/>
    <field name="tracking" eval="False"/>
    <field name="translate" eval="False"/>
    <field name="ttype">selection</field>
  </record>
  <record id="studio_customization.name_vehicle_registr_cfcad6d7-b7d7-4088-b468-8a77bf60c521" model="ir.model.fields" context="{'studio': True}">
    <field name="complete_name" eval="False"/>
    <field name="compute" eval="False"/>
    <field name="copied" eval="True"/>
    <field name="depends" eval="False"/>
    <field name="domain">[]</field>
    <field name="field_description">Vehicle Reference Name</field>
    <field name="groups" eval="[(6, 0, [])]"/>
    <field name="help" eval="False"/>
    <field name="index" eval="False"/>
    <field name="model">x_vehicle_registration</field>
    <field name="model_id" ref="studio_customization.vehicle_registration_8df3de6a-7d45-4324-af82-e64cab3900b1"/>
    <field name="name">x_name</field>
    <field name="on_delete" eval="False"/>
    <field name="readonly" eval="False"/>
    <field name="related" eval="False"/>
    <field name="relation" eval="False"/>
    <field name="relation_field" eval="False"/>
    <field name="relation_table" eval="False"/>
    <field name="required" eval="False"/>
    <field name="selectable" eval="True"/>
    <field name="selection" eval="False"/>
    <field name="size" eval="False"/>
    <field name="state">manual</field>
    <field name="store" eval="True"/>
    <field name="tracking" eval="False"/>
    <field name="translate" eval="False"/>
    <field name="ttype">char</field>
  </record>
  <record id="studio_customization.name_reporting_4709488d-3afe-4a2f-92d2-33b5c8a67d80" model="ir.model.fields" context="{'studio': True}">
    <field name="complete_name" eval="False"/>
    <field name="compute" eval="False"/>
    <field name="copied" eval="False"/>
    <field name="depends" eval="False"/>
    <field name="domain">[]</field>
    <field name="field_description">Name</field>
    <field name="groups" eval="[(6, 0, [])]"/>
    <field name="help" eval="False"/>
    <field name="index" eval="False"/>
    <field name="model">x_reporting</field>
    <field name="model_id" ref="studio_customization.reporting_54cedbec-0082-4579-9975-ca4ed3b28755"/>
    <field name="name">x_name</field>
    <field name="on_delete" eval="False"/>
    <field name="readonly" eval="False"/>
    <field name="related" eval="False"/>
    <field name="relation" eval="False"/>
    <field name="relation_field" eval="False"/>
    <field name="relation_table" eval="False"/>
    <field name="required" eval="False"/>
    <field name="selectable" eval="True"/>
    <field name="selection" eval="False"/>
    <field name="size" eval="False"/>
    <field name="state">manual</field>
    <field name="store" eval="True"/>
    <field name="tracking" eval="False"/>
    <field name="translate" eval="False"/>
    <field name="ttype">char</field>
  </record>
  <record id="studio_customization.name_configuration_3c41f51a-a2d6-4818-80e0-969250e9c364" model="ir.model.fields" context="{'studio': True}">
    <field name="complete_name" eval="False"/>
    <field name="compute" eval="False"/>
    <field name="copied" eval="False"/>
    <field name="depends" eval="False"/>
    <field name="domain">[]</field>
    <field name="field_description">Name</field>
    <field name="groups" eval="[(6, 0, [])]"/>
    <field name="help" eval="False"/>
    <field name="index" eval="False"/>
    <field name="model">x_configuration</field>
    <field name="model_id" ref="studio_customization.configuration_082994cf-0da0-400e-937b-58c622cf7fa4"/>
    <field name="name">x_name</field>
    <field name="on_delete" eval="False"/>
    <field name="readonly" eval="False"/>
    <field name="related" eval="False"/>
    <field name="relation" eval="False"/>
    <field name="relation_field" eval="False"/>
    <field name="relation_table" eval="False"/>
    <field name="required" eval="False"/>
    <field name="selectable" eval="True"/>
    <field name="selection" eval="False"/>
    <field name="size" eval="False"/>
    <field name="state">manual</field>
    <field name="store" eval="True"/>
    <field name="tracking" eval="False"/>
    <field name="translate" eval="False"/>
    <field name="ttype">char</field>
  </record>
  <record id="studio_customization.name_vehicle_diagnos_8b71b23d-1bd9-4556-9b5f-d55079fa099f" model="ir.model.fields" context="{'studio': True}">
    <field name="complete_name" eval="False"/>
    <field name="compute" eval="False"/>
    <field name="copied" eval="False"/>
    <field name="depends" eval="False"/>
    <field name="domain">[]</field>
    <field name="field_description">Name</field>
    <field name="groups" eval="[(6, 0, [])]"/>
    <field name="help" eval="False"/>
    <field name="index" eval="False"/>
    <field name="model">x_vehicle_diagnosis</field>
    <field name="model_id" ref="studio_customization.vehicle_diagnosis_ea3c24a6-9d9b-4629-9b2d-37dfa67c1ce3"/>
    <field name="name">x_name</field>
    <field name="on_delete" eval="False"/>
    <field name="readonly" eval="False"/>
    <field name="related" eval="False"/>
    <field name="relation" eval="False"/>
    <field name="relation_field" eval="False"/>
    <field name="relation_table" eval="False"/>
    <field name="required" eval="False"/>
    <field name="selectable" eval="True"/>
    <field name="selection" eval="False"/>
    <field name="size" eval="False"/>
    <field name="state">manual</field>
    <field name="store" eval="True"/>
    <field name="tracking" eval="False"/>
    <field name="translate" eval="False"/>
    <field name="ttype">char</field>
  </record>
  <record id="studio_customization.vehicle_status_vehic_dc56c07b-1c88-4afa-a8a5-a2db037aaaf4" model="ir.model.fields" context="{'studio': True}">
    <field name="complete_name" eval="False"/>
    <field name="compute" eval="False"/>
    <field name="copied" eval="False"/>
    <field name="depends" eval="False"/>
    <field name="domain">[]</field>
    <field name="field_description">Vehicle Status</field>
    <field name="groups" eval="[(6, 0, [])]"/>
    <field name="help" eval="False"/>
    <field name="index" eval="False"/>
    <field name="model">x_vehicle_service</field>
    <field name="model_id" ref="studio_customization.vehicle_service_834ede15-fe6d-4038-8a01-7966c499e593"/>
    <field name="name">x_studio_field_VF5OS</field>
    <field name="on_delete">set null</field>
    <field name="readonly" eval="False"/>
    <field name="related" eval="False"/>
    <field name="relation">fleet.vehicle.state</field>
    <field name="relation_field" eval="False"/>
    <field name="relation_table" eval="False"/>
    <field name="required" eval="False"/>
    <field name="selectable" eval="True"/>
    <field name="selection" eval="False"/>
    <field name="size" eval="False"/>
    <field name="state">manual</field>
    <field name="store" eval="True"/>
    <field name="tracking" eval="False"/>
    <field name="translate" eval="False"/>
    <field name="ttype">many2one</field>
  </record>
  <record id="studio_customization.name_job_types_fded5b1c-106b-4c7a-b39b-712e8067c958" model="ir.model.fields" context="{'studio': True}">
    <field name="complete_name" eval="False"/>
    <field name="compute" eval="False"/>
    <field name="copied" eval="False"/>
    <field name="depends" eval="False"/>
    <field name="domain">[]</field>
    <field name="field_description">Name</field>
    <field name="groups" eval="[(6, 0, [])]"/>
    <field name="help" eval="False"/>
    <field name="index" eval="False"/>
    <field name="model">x_job_types</field>
    <field name="model_id" ref="studio_customization.job_types_445db60a-afe5-4259-b064-23b0198dbee5"/>
    <field name="name">x_name</field>
    <field name="on_delete" eval="False"/>
    <field name="readonly" eval="False"/>
    <field name="related" eval="False"/>
    <field name="relation" eval="False"/>
    <field name="relation_field" eval="False"/>
    <field name="relation_table" eval="False"/>
    <field name="required" eval="False"/>
    <field name="selectable" eval="True"/>
    <field name="selection" eval="False"/>
    <field name="size" eval="False"/>
    <field name="state">manual</field>
    <field name="store" eval="True"/>
    <field name="tracking" eval="False"/>
    <field name="translate" eval="False"/>
    <field name="ttype">char</field>
  </record>
  <record id="studio_customization.model_of_a_vehicle_v_2a1ff907-6d2b-40b4-bdec-cba0e9ce8d2d" model="ir.model.fields" context="{'studio': True}">
    <field name="complete_name" eval="False"/>
    <field name="compute" eval="False"/>
    <field name="copied" eval="False"/>
    <field name="depends" eval="False"/>
    <field name="domain">[]</field>
    <field name="field_description">Model</field>
    <field name="groups" eval="[(6, 0, [])]"/>
    <field name="help" eval="False"/>
    <field name="index" eval="False"/>
    <field name="model">x_vehicle_registration</field>
    <field name="model_id" ref="studio_customization.vehicle_registration_8df3de6a-7d45-4324-af82-e64cab3900b1"/>
    <field name="name">x_studio_model</field>
    <field name="on_delete">set null</field>
    <field name="readonly" eval="False"/>
    <field name="related" eval="False"/>
    <field name="relation">fleet.vehicle.model</field>
    <field name="relation_field" eval="False"/>
    <field name="relation_table" eval="False"/>
    <field name="required" eval="False"/>
    <field name="selectable" eval="True"/>
    <field name="selection" eval="False"/>
    <field name="size" eval="False"/>
    <field name="state">manual</field>
    <field name="store" eval="True"/>
    <field name="tracking" eval="False"/>
    <field name="translate" eval="False"/>
    <field name="ttype">many2one</field>
  </record>
  <record id="studio_customization.new_text_vehicle_reg_337ebf93-6ba1-4715-a45d-15fc4dba448f" model="ir.model.fields" context="{'studio': True}">
    <field name="complete_name" eval="False"/>
    <field name="compute" eval="False"/>
    <field name="copied" eval="False"/>
    <field name="depends" eval="False"/>
    <field name="domain">[]</field>
    <field name="field_description">License Plate</field>
    <field name="groups" eval="[(6, 0, [])]"/>
    <field name="help" eval="False"/>
    <field name="index" eval="False"/>
    <field name="model">x_vehicle_registration</field>
    <field name="model_id" ref="studio_customization.vehicle_registration_8df3de6a-7d45-4324-af82-e64cab3900b1"/>
    <field name="name">x_studio_license_plate</field>
    <field name="on_delete" eval="False"/>
    <field name="readonly" eval="False"/>
    <field name="related" eval="False"/>
    <field name="relation" eval="False"/>
    <field name="relation_field" eval="False"/>
    <field name="relation_table" eval="False"/>
    <field name="required" eval="False"/>
    <field name="selectable" eval="True"/>
    <field name="selection" eval="False"/>
    <field name="size" eval="False"/>
    <field name="state">manual</field>
    <field name="store" eval="True"/>
    <field name="tracking" eval="False"/>
    <field name="translate" eval="False"/>
    <field name="ttype">char</field>
  </record>
  <record id="studio_customization.new_text_vehicle_reg_207b24b4-2f75-45a1-895b-9147a4d156a5" model="ir.model.fields" context="{'studio': True}">
    <field name="complete_name" eval="False"/>
    <field name="compute" eval="False"/>
    <field name="copied" eval="False"/>
    <field name="depends" eval="False"/>
    <field name="domain">[]</field>
    <field name="field_description">Chassis Number</field>
    <field name="groups" eval="[(6, 0, [])]"/>
    <field name="help" eval="False"/>
    <field name="index" eval="False"/>
    <field name="model">x_vehicle_registration</field>
    <field name="model_id" ref="studio_customization.vehicle_registration_8df3de6a-7d45-4324-af82-e64cab3900b1"/>
    <field name="name">x_studio_chassis_number</field>
    <field name="on_delete" eval="False"/>
    <field name="readonly" eval="False"/>
    <field name="related" eval="False"/>
    <field name="relation" eval="False"/>
    <field name="relation_field" eval="False"/>
    <field name="relation_table" eval="False"/>
    <field name="required" eval="False"/>
    <field name="selectable" eval="True"/>
    <field name="selection" eval="False"/>
    <field name="size" eval="False"/>
    <field name="state">manual</field>
    <field name="store" eval="True"/>
    <field name="tracking" eval="False"/>
    <field name="translate" eval="False"/>
    <field name="ttype">char</field>
  </record>
  <record id="studio_customization.new_decimal_vehicle__874cd8df-4266-4f03-88cc-efaedc5cb7e6" model="ir.model.fields" context="{'studio': True}">
    <field name="complete_name" eval="False"/>
    <field name="compute" eval="False"/>
    <field name="copied" eval="False"/>
    <field name="depends" eval="False"/>
    <field name="domain">[]</field>
    <field name="field_description">Last Odometer</field>
    <field name="groups" eval="[(6, 0, [])]"/>
    <field name="help" eval="False"/>
    <field name="index" eval="False"/>
    <field name="model">x_vehicle_registration</field>
    <field name="model_id" ref="studio_customization.vehicle_registration_8df3de6a-7d45-4324-af82-e64cab3900b1"/>
    <field name="name">x_studio_last_odometer</field>
    <field name="on_delete" eval="False"/>
    <field name="readonly" eval="False"/>
    <field name="related" eval="False"/>
    <field name="relation" eval="False"/>
    <field name="relation_field" eval="False"/>
    <field name="relation_table" eval="False"/>
    <field name="required" eval="False"/>
    <field name="selectable" eval="True"/>
    <field name="selection" eval="False"/>
    <field name="size" eval="False"/>
    <field name="state">manual</field>
    <field name="store" eval="True"/>
    <field name="tracking" eval="False"/>
    <field name="translate" eval="False"/>
    <field name="ttype">float</field>
  </record>
  <record id="studio_customization.new_selection_vehicl_3174ce06-9f62-409e-a0fc-1ec3ebcfcd36" model="ir.model.fields" context="{'studio': True}">
    <field name="complete_name" eval="False"/>
    <field name="compute" eval="False"/>
    <field name="copied" eval="False"/>
    <field name="depends" eval="False"/>
    <field name="domain">[]</field>
    <field name="field_description">Odometer Unit</field>
    <field name="groups" eval="[(6, 0, [])]"/>
    <field name="help" eval="False"/>
    <field name="index" eval="False"/>
    <field name="model">x_vehicle_registration</field>
    <field name="model_id" ref="studio_customization.vehicle_registration_8df3de6a-7d45-4324-af82-e64cab3900b1"/>
    <field name="name">x_studio_odometer_unit</field>
    <field name="on_delete" eval="False"/>
    <field name="readonly" eval="False"/>
    <field name="related" eval="False"/>
    <field name="relation" eval="False"/>
    <field name="relation_field" eval="False"/>
    <field name="relation_table" eval="False"/>
    <field name="required" eval="False"/>
    <field name="selectable" eval="True"/>
    <field name="selection">[('Kilometers', 'Kilometers'), ('Miles', 'Miles')]</field>
    <field name="size" eval="False"/>
    <field name="state">manual</field>
    <field name="store" eval="True"/>
    <field name="tracking" eval="False"/>
    <field name="translate" eval="False"/>
    <field name="ttype">selection</field>
  </record>
  <record id="studio_customization.contact_vehicle_regi_5db124a4-553f-4603-b9b3-83a886515afa" model="ir.model.fields" context="{'studio': True}">
    <field name="complete_name" eval="False"/>
    <field name="compute" eval="False"/>
    <field name="copied" eval="False"/>
    <field name="depends" eval="False"/>
    <field name="domain">[]</field>
    <field name="field_description">Customer Name</field>
    <field name="groups" eval="[(6, 0, [])]"/>
    <field name="help" eval="False"/>
    <field name="index" eval="False"/>
    <field name="model">x_vehicle_registration</field>
    <field name="model_id" ref="studio_customization.vehicle_registration_8df3de6a-7d45-4324-af82-e64cab3900b1"/>
    <field name="name">x_studio_customer_name</field>
    <field name="on_delete">set null</field>
    <field name="readonly" eval="False"/>
    <field name="related" eval="False"/>
    <field name="relation">res.partner</field>
    <field name="relation_field" eval="False"/>
    <field name="relation_table" eval="False"/>
    <field name="required" eval="False"/>
    <field name="selectable" eval="True"/>
    <field name="selection" eval="False"/>
    <field name="size" eval="False"/>
    <field name="state">manual</field>
    <field name="store" eval="True"/>
    <field name="tracking" eval="False"/>
    <field name="translate" eval="False"/>
    <field name="ttype">many2one</field>
  </record>
  <record id="studio_customization.new_related_field_ve_5f503819-a044-4d77-8214-a0840480a235" model="ir.model.fields" context="{'studio': True}">
    <field name="complete_name" eval="False"/>
    <field name="compute" eval="False"/>
    <field name="copied" eval="False"/>
    <field name="depends" eval="False"/>
    <field name="domain">[]</field>
    <field name="field_description">Email</field>
    <field name="groups" eval="[(6, 0, [])]"/>
    <field name="help" eval="False"/>
    <field name="index" eval="False"/>
    <field name="model">x_vehicle_registration</field>
    <field name="model_id" ref="studio_customization.vehicle_registration_8df3de6a-7d45-4324-af82-e64cab3900b1"/>
    <field name="name">x_studio_email</field>
    <field name="on_delete" eval="False"/>
    <field name="readonly" eval="True"/>
    <field name="related">x_studio_customer_name.email</field>
    <field name="relation" eval="False"/>
    <field name="relation_field" eval="False"/>
    <field name="relation_table" eval="False"/>
    <field name="required" eval="False"/>
    <field name="selectable" eval="True"/>
    <field name="selection" eval="False"/>
    <field name="size" eval="False"/>
    <field name="state">manual</field>
    <field name="store" eval="True"/>
    <field name="tracking" eval="False"/>
    <field name="translate" eval="False"/>
    <field name="ttype">char</field>
  </record>
  <record id="studio_customization.new_related_field_ve_92e8d4d4-b70a-45cc-8d42-ac098bcfdb9e" model="ir.model.fields" context="{'studio': True}">
    <field name="complete_name" eval="False"/>
    <field name="compute" eval="False"/>
    <field name="copied" eval="False"/>
    <field name="depends" eval="False"/>
    <field name="domain">[]</field>
    <field name="field_description">Phone Number</field>
    <field name="groups" eval="[(6, 0, [])]"/>
    <field name="help" eval="False"/>
    <field name="index" eval="False"/>
    <field name="model">x_vehicle_registration</field>
    <field name="model_id" ref="studio_customization.vehicle_registration_8df3de6a-7d45-4324-af82-e64cab3900b1"/>
    <field name="name">x_studio_phone_number</field>
    <field name="on_delete" eval="False"/>
    <field name="readonly" eval="True"/>
    <field name="related">x_studio_customer_name.mobile</field>
    <field name="relation" eval="False"/>
    <field name="relation_field" eval="False"/>
    <field name="relation_table" eval="False"/>
    <field name="required" eval="False"/>
    <field name="selectable" eval="True"/>
    <field name="selection" eval="False"/>
    <field name="size" eval="False"/>
    <field name="state">manual</field>
    <field name="store" eval="True"/>
    <field name="tracking" eval="False"/>
    <field name="translate" eval="False"/>
    <field name="ttype">char</field>
  </record>
  <record id="studio_customization.new_related_field_ve_9903998d-b1c2-41b5-be02-e42ee84b3bbc" model="ir.model.fields" context="{'studio': True}">
    <field name="complete_name" eval="False"/>
    <field name="compute" eval="False"/>
    <field name="copied" eval="False"/>
    <field name="depends" eval="False"/>
    <field name="domain">[]</field>
    <field name="field_description">Address</field>
    <field name="groups" eval="[(6, 0, [])]"/>
    <field name="help" eval="False"/>
    <field name="index" eval="False"/>
    <field name="model">x_vehicle_registration</field>
    <field name="model_id" ref="studio_customization.vehicle_registration_8df3de6a-7d45-4324-af82-e64cab3900b1"/>
    <field name="name">x_studio_address</field>
    <field name="on_delete" eval="False"/>
    <field name="readonly" eval="True"/>
    <field name="related">x_studio_customer_name.contact_address</field>
    <field name="relation" eval="False"/>
    <field name="relation_field" eval="False"/>
    <field name="relation_table" eval="False"/>
    <field name="required" eval="False"/>
    <field name="selectable" eval="False"/>
    <field name="selection" eval="False"/>
    <field name="size" eval="False"/>
    <field name="state">manual</field>
    <field name="store" eval="False"/>
    <field name="tracking" eval="False"/>
    <field name="translate" eval="False"/>
    <field name="ttype">char</field>
  </record>
  <record id="studio_customization.new_integer_vehicle__b92c1d04-b5c3-4a2e-83ff-2a9ffe136006" model="ir.model.fields" context="{'studio': True}">
    <field name="complete_name" eval="False"/>
    <field name="compute" eval="False"/>
    <field name="copied" eval="False"/>
    <field name="depends" eval="False"/>
    <field name="domain">[]</field>
    <field name="field_description">Seats Number</field>
    <field name="groups" eval="[(6, 0, [])]"/>
    <field name="help" eval="False"/>
    <field name="index" eval="False"/>
    <field name="model">x_vehicle_registration</field>
    <field name="model_id" ref="studio_customization.vehicle_registration_8df3de6a-7d45-4324-af82-e64cab3900b1"/>
    <field name="name">x_studio_seats_number</field>
    <field name="on_delete" eval="False"/>
    <field name="readonly" eval="False"/>
    <field name="related" eval="False"/>
    <field name="relation" eval="False"/>
    <field name="relation_field" eval="False"/>
    <field name="relation_table" eval="False"/>
    <field name="required" eval="False"/>
    <field name="selectable" eval="True"/>
    <field name="selection" eval="False"/>
    <field name="size" eval="False"/>
    <field name="state">manual</field>
    <field name="store" eval="True"/>
    <field name="tracking" eval="False"/>
    <field name="translate" eval="False"/>
    <field name="ttype">integer</field>
  </record>
  <record id="studio_customization.new_integer_vehicle__1ad050a4-1de6-4bc4-8ec2-91a6a36b3b85" model="ir.model.fields" context="{'studio': True}">
    <field name="complete_name" eval="False"/>
    <field name="compute" eval="False"/>
    <field name="copied" eval="False"/>
    <field name="depends" eval="False"/>
    <field name="domain">[]</field>
    <field name="field_description">Doors Number</field>
    <field name="groups" eval="[(6, 0, [])]"/>
    <field name="help" eval="False"/>
    <field name="index" eval="False"/>
    <field name="model">x_vehicle_registration</field>
    <field name="model_id" ref="studio_customization.vehicle_registration_8df3de6a-7d45-4324-af82-e64cab3900b1"/>
    <field name="name">x_studio_doors_number</field>
    <field name="on_delete" eval="False"/>
    <field name="readonly" eval="False"/>
    <field name="related" eval="False"/>
    <field name="relation" eval="False"/>
    <field name="relation_field" eval="False"/>
    <field name="relation_table" eval="False"/>
    <field name="required" eval="False"/>
    <field name="selectable" eval="True"/>
    <field name="selection" eval="False"/>
    <field name="size" eval="False"/>
    <field name="state">manual</field>
    <field name="store" eval="True"/>
    <field name="tracking" eval="False"/>
    <field name="translate" eval="False"/>
    <field name="ttype">integer</field>
  </record>
  <record id="studio_customization.new_text_vehicle_reg_64399d9e-760f-491b-aa08-67494dd3ca6a" model="ir.model.fields" context="{'studio': True}">
    <field name="complete_name" eval="False"/>
    <field name="compute" eval="False"/>
    <field name="copied" eval="False"/>
    <field name="depends" eval="False"/>
    <field name="domain">[]</field>
    <field name="field_description">Color</field>
    <field name="groups" eval="[(6, 0, [])]"/>
    <field name="help" eval="False"/>
    <field name="index" eval="False"/>
    <field name="model">x_vehicle_registration</field>
    <field name="model_id" ref="studio_customization.vehicle_registration_8df3de6a-7d45-4324-af82-e64cab3900b1"/>
    <field name="name">x_studio_color</field>
    <field name="on_delete" eval="False"/>
    <field name="readonly" eval="False"/>
    <field name="related" eval="False"/>
    <field name="relation" eval="False"/>
    <field name="relation_field" eval="False"/>
    <field name="relation_table" eval="False"/>
    <field name="required" eval="False"/>
    <field name="selectable" eval="True"/>
    <field name="selection" eval="False"/>
    <field name="size" eval="False"/>
    <field name="state">manual</field>
    <field name="store" eval="True"/>
    <field name="tracking" eval="False"/>
    <field name="translate" eval="False"/>
    <field name="ttype">char</field>
  </record>
  <record id="studio_customization.new_text_vehicle_reg_d2b8167e-d73a-42f6-b0c5-e7276168de51" model="ir.model.fields" context="{'studio': True}">
    <field name="complete_name" eval="False"/>
    <field name="compute" eval="False"/>
    <field name="copied" eval="False"/>
    <field name="depends" eval="False"/>
    <field name="domain">[]</field>
    <field name="field_description">Model Year</field>
    <field name="groups" eval="[(6, 0, [])]"/>
    <field name="help" eval="False"/>
    <field name="index" eval="False"/>
    <field name="model">x_vehicle_registration</field>
    <field name="model_id" ref="studio_customization.vehicle_registration_8df3de6a-7d45-4324-af82-e64cab3900b1"/>
    <field name="name">x_studio_model_year</field>
    <field name="on_delete" eval="False"/>
    <field name="readonly" eval="False"/>
    <field name="related" eval="False"/>
    <field name="relation" eval="False"/>
    <field name="relation_field" eval="False"/>
    <field name="relation_table" eval="False"/>
    <field name="required" eval="False"/>
    <field name="selectable" eval="True"/>
    <field name="selection" eval="False"/>
    <field name="size" eval="False"/>
    <field name="state">manual</field>
    <field name="store" eval="True"/>
    <field name="tracking" eval="False"/>
    <field name="translate" eval="False"/>
    <field name="ttype">char</field>
  </record>
  <record id="studio_customization.new_selection_vehicl_50c7a7f6-8555-47ac-af9a-8af0404cfbb6" model="ir.model.fields" context="{'studio': True}">
    <field name="complete_name" eval="False"/>
    <field name="compute" eval="False"/>
    <field name="copied" eval="False"/>
    <field name="depends" eval="False"/>
    <field name="domain">[]</field>
    <field name="field_description">Transmission</field>
    <field name="groups" eval="[(6, 0, [])]"/>
    <field name="help" eval="False"/>
    <field name="index" eval="False"/>
    <field name="model">x_vehicle_registration</field>
    <field name="model_id" ref="studio_customization.vehicle_registration_8df3de6a-7d45-4324-af82-e64cab3900b1"/>
    <field name="name">x_studio_transmission</field>
    <field name="on_delete" eval="False"/>
    <field name="readonly" eval="False"/>
    <field name="related" eval="False"/>
    <field name="relation" eval="False"/>
    <field name="relation_field" eval="False"/>
    <field name="relation_table" eval="False"/>
    <field name="required" eval="False"/>
    <field name="selectable" eval="True"/>
    <field name="selection">[('Manual', 'Manual'), ('Automatic', 'Automatic')]</field>
    <field name="size" eval="False"/>
    <field name="state">manual</field>
    <field name="store" eval="True"/>
    <field name="tracking" eval="False"/>
    <field name="translate" eval="False"/>
    <field name="ttype">selection</field>
  </record>
  <record id="studio_customization.new_selection_vehicl_26437d7b-f9b5-408b-969d-f9a3c72e4224" model="ir.model.fields" context="{'studio': True}">
    <field name="complete_name" eval="False"/>
    <field name="compute" eval="False"/>
    <field name="copied" eval="False"/>
    <field name="depends" eval="False"/>
    <field name="domain">[]</field>
    <field name="field_description">Fuel Type</field>
    <field name="groups" eval="[(6, 0, [])]"/>
    <field name="help" eval="False"/>
    <field name="index" eval="False"/>
    <field name="model">x_vehicle_registration</field>
    <field name="model_id" ref="studio_customization.vehicle_registration_8df3de6a-7d45-4324-af82-e64cab3900b1"/>
    <field name="name">x_studio_fuel_type</field>
    <field name="on_delete" eval="False"/>
    <field name="readonly" eval="False"/>
    <field name="related" eval="False"/>
    <field name="relation" eval="False"/>
    <field name="relation_field" eval="False"/>
    <field name="relation_table" eval="False"/>
    <field name="required" eval="False"/>
    <field name="selectable" eval="True"/>
    <field name="selection">[('Gasoline', 'Gasoline'), ('Diesel', 'Diesel'), ('LPG', 'LPG'), ('Electric', 'Electric'), ('Hybrid', 'Hybrid')]</field>
    <field name="size" eval="False"/>
    <field name="state">manual</field>
    <field name="store" eval="True"/>
    <field name="tracking" eval="False"/>
    <field name="translate" eval="False"/>
    <field name="ttype">selection</field>
  </record>
  <record id="studio_customization.new_decimal_vehicle__165a60f5-d9d9-4e96-9085-02e67441aedb" model="ir.model.fields" context="{'studio': True}">
    <field name="complete_name" eval="False"/>
    <field name="compute" eval="False"/>
    <field name="copied" eval="False"/>
    <field name="depends" eval="False"/>
    <field name="domain">[]</field>
    <field name="field_description">CO2 Emissions (g/km)</field>
    <field name="groups" eval="[(6, 0, [])]"/>
    <field name="help" eval="False"/>
    <field name="index" eval="False"/>
    <field name="model">x_vehicle_registration</field>
    <field name="model_id" ref="studio_customization.vehicle_registration_8df3de6a-7d45-4324-af82-e64cab3900b1"/>
    <field name="name">x_studio_co2_emissions_gkm</field>
    <field name="on_delete" eval="False"/>
    <field name="readonly" eval="False"/>
    <field name="related" eval="False"/>
    <field name="relation" eval="False"/>
    <field name="relation_field" eval="False"/>
    <field name="relation_table" eval="False"/>
    <field name="required" eval="False"/>
    <field name="selectable" eval="True"/>
    <field name="selection" eval="False"/>
    <field name="size" eval="False"/>
    <field name="state">manual</field>
    <field name="store" eval="True"/>
    <field name="tracking" eval="False"/>
    <field name="translate" eval="False"/>
    <field name="ttype">float</field>
  </record>
  <record id="studio_customization.new_integer_vehicle__ba13c14a-19e6-42ab-a5c7-21a8b8b491c7" model="ir.model.fields" context="{'studio': True}">
    <field name="complete_name" eval="False"/>
    <field name="compute" eval="False"/>
    <field name="copied" eval="False"/>
    <field name="depends" eval="False"/>
    <field name="domain">[]</field>
    <field name="field_description">Power (kW)</field>
    <field name="groups" eval="[(6, 0, [])]"/>
    <field name="help" eval="False"/>
    <field name="index" eval="False"/>
    <field name="model">x_vehicle_registration</field>
    <field name="model_id" ref="studio_customization.vehicle_registration_8df3de6a-7d45-4324-af82-e64cab3900b1"/>
    <field name="name">x_studio_power_kw</field>
    <field name="on_delete" eval="False"/>
    <field name="readonly" eval="False"/>
    <field name="related" eval="False"/>
    <field name="relation" eval="False"/>
    <field name="relation_field" eval="False"/>
    <field name="relation_table" eval="False"/>
    <field name="required" eval="False"/>
    <field name="selectable" eval="True"/>
    <field name="selection" eval="False"/>
    <field name="size" eval="False"/>
    <field name="state">manual</field>
    <field name="store" eval="True"/>
    <field name="tracking" eval="False"/>
    <field name="translate" eval="False"/>
    <field name="ttype">integer</field>
  </record>
  <record id="studio_customization.users_asset_revenue__ea0bd448-d203-4d60-8f00-49bcca3a74a9" model="ir.model.fields" context="{'studio': True}">
    <field name="complete_name" eval="False"/>
    <field name="compute" eval="False"/>
    <field name="copied" eval="False"/>
    <field name="depends" eval="False"/>
    <field name="domain">[]</field>
    <field name="field_description">Asset Custodian</field>
    <field name="groups" eval="[(6, 0, [])]"/>
    <field name="help" eval="False"/>
    <field name="index" eval="False"/>
    <field name="model">account.asset</field>
    <field name="model_id" ref="account_asset.model_account_asset"/>
    <field name="name">x_studio_asset_custodian_1</field>
    <field name="on_delete">set null</field>
    <field name="readonly" eval="False"/>
    <field name="related" eval="False"/>
    <field name="relation">res.users</field>
    <field name="relation_field" eval="False"/>
    <field name="relation_table" eval="False"/>
    <field name="required" eval="False"/>
    <field name="selectable" eval="True"/>
    <field name="selection" eval="False"/>
    <field name="size" eval="False"/>
    <field name="state">manual</field>
    <field name="store" eval="True"/>
    <field name="tracking" eval="False"/>
    <field name="translate" eval="False"/>
    <field name="ttype">many2one</field>
  </record>
  <record id="studio_customization.vehicle_registration_953bc977-e042-464c-9e07-be6efa41923f" model="ir.model.fields" context="{'studio': True}">
    <field name="complete_name" eval="False"/>
    <field name="compute" eval="False"/>
    <field name="copied" eval="False"/>
    <field name="depends" eval="False"/>
    <field name="domain">[]</field>
    <field name="field_description">Case Name</field>
    <field name="groups" eval="[(6, 0, [])]"/>
    <field name="help" eval="False"/>
    <field name="index" eval="False"/>
    <field name="model">x_vehicle_service</field>
    <field name="model_id" ref="studio_customization.vehicle_service_834ede15-fe6d-4038-8a01-7966c499e593"/>
    <field name="name">x_studio_case_name</field>
    <field name="on_delete">set null</field>
    <field name="readonly" eval="False"/>
    <field name="related" eval="False"/>
    <field name="relation">x_vehicle_registration</field>
    <field name="relation_field" eval="False"/>
    <field name="relation_table" eval="False"/>
    <field name="required" eval="False"/>
    <field name="selectable" eval="True"/>
    <field name="selection" eval="False"/>
    <field name="size" eval="False"/>
    <field name="state">manual</field>
    <field name="store" eval="True"/>
    <field name="tracking" eval="False"/>
    <field name="translate" eval="False"/>
    <field name="ttype">many2one</field>
  </record>
  <record id="studio_customization.new_related_field_ve_47cc2d04-af31-46a3-9659-803cc2faf2b6" model="ir.model.fields" context="{'studio': True}">
    <field name="complete_name" eval="False"/>
    <field name="compute" eval="False"/>
    <field name="copied" eval="False"/>
    <field name="depends" eval="False"/>
    <field name="domain">[]</field>
    <field name="field_description">VIN #</field>
    <field name="groups" eval="[(6, 0, [])]"/>
    <field name="help" eval="False"/>
    <field name="index" eval="False"/>
    <field name="model">x_vehicle_service</field>
    <field name="model_id" ref="studio_customization.vehicle_service_834ede15-fe6d-4038-8a01-7966c499e593"/>
    <field name="name">x_studio_vin_</field>
    <field name="on_delete" eval="False"/>
    <field name="readonly" eval="True"/>
    <field name="related">x_studio_case_name.x_studio_chassis_number</field>
    <field name="relation" eval="False"/>
    <field name="relation_field" eval="False"/>
    <field name="relation_table" eval="False"/>
    <field name="required" eval="False"/>
    <field name="selectable" eval="True"/>
    <field name="selection" eval="False"/>
    <field name="size" eval="False"/>
    <field name="state">manual</field>
    <field name="store" eval="True"/>
    <field name="tracking" eval="False"/>
    <field name="translate" eval="False"/>
    <field name="ttype">char</field>
  </record>
  <record id="studio_customization.new_related_field_ve_a3e74bf8-0dbf-4635-9e4b-6179f0bb9671" model="ir.model.fields" context="{'studio': True}">
    <field name="complete_name" eval="False"/>
    <field name="compute" eval="False"/>
    <field name="copied" eval="False"/>
    <field name="depends" eval="False"/>
    <field name="domain">[]</field>
    <field name="field_description">License Plate</field>
    <field name="groups" eval="[(6, 0, [])]"/>
    <field name="help" eval="False"/>
    <field name="index" eval="False"/>
    <field name="model">x_vehicle_service</field>
    <field name="model_id" ref="studio_customization.vehicle_service_834ede15-fe6d-4038-8a01-7966c499e593"/>
    <field name="name">x_studio_license_plate_1</field>
    <field name="on_delete" eval="False"/>
    <field name="readonly" eval="True"/>
    <field name="related">x_studio_case_name.x_studio_license_plate</field>
    <field name="relation" eval="False"/>
    <field name="relation_field" eval="False"/>
    <field name="relation_table" eval="False"/>
    <field name="required" eval="False"/>
    <field name="selectable" eval="True"/>
    <field name="selection" eval="False"/>
    <field name="size" eval="False"/>
    <field name="state">manual</field>
    <field name="store" eval="True"/>
    <field name="tracking" eval="False"/>
    <field name="translate" eval="False"/>
    <field name="ttype">char</field>
  </record>
  <record id="studio_customization.new_related_field_ve_5b25d527-56af-436d-b64d-1d15d42aafca" model="ir.model.fields" context="{'studio': True}">
    <field name="complete_name" eval="False"/>
    <field name="compute" eval="False"/>
    <field name="copied" eval="False"/>
    <field name="depends" eval="False"/>
    <field name="domain">[]</field>
    <field name="field_description">Model</field>
    <field name="groups" eval="[(6, 0, [])]"/>
    <field name="help" eval="False"/>
    <field name="index" eval="False"/>
    <field name="model">x_vehicle_service</field>
    <field name="model_id" ref="studio_customization.vehicle_service_834ede15-fe6d-4038-8a01-7966c499e593"/>
    <field name="name">x_studio_model</field>
    <field name="on_delete" eval="False"/>
    <field name="readonly" eval="True"/>
    <field name="related">x_studio_case_name.x_studio_model.name</field>
    <field name="relation" eval="False"/>
    <field name="relation_field" eval="False"/>
    <field name="relation_table" eval="False"/>
    <field name="required" eval="False"/>
    <field name="selectable" eval="True"/>
    <field name="selection" eval="False"/>
    <field name="size" eval="False"/>
    <field name="state">manual</field>
    <field name="store" eval="True"/>
    <field name="tracking" eval="False"/>
    <field name="translate" eval="False"/>
    <field name="ttype">char</field>
  </record>
  <record id="studio_customization.new_related_field_ve_7f715621-7f9e-414c-a437-ab43ac343f91" model="ir.model.fields" context="{'studio': True}">
    <field name="complete_name" eval="False"/>
    <field name="compute" eval="False"/>
    <field name="copied" eval="False"/>
    <field name="depends" eval="False"/>
    <field name="domain">[]</field>
    <field name="field_description">Last Odometer</field>
    <field name="groups" eval="[(6, 0, [])]"/>
    <field name="help" eval="False"/>
    <field name="index" eval="False"/>
    <field name="model">x_vehicle_service</field>
    <field name="model_id" ref="studio_customization.vehicle_service_834ede15-fe6d-4038-8a01-7966c499e593"/>
    <field name="name">x_studio_last_odometer</field>
    <field name="on_delete" eval="False"/>
    <field name="readonly" eval="True"/>
    <field name="related">x_studio_case_name.x_studio_last_odometer</field>
    <field name="relation" eval="False"/>
    <field name="relation_field" eval="False"/>
    <field name="relation_table" eval="False"/>
    <field name="required" eval="False"/>
    <field name="selectable" eval="True"/>
    <field name="selection" eval="False"/>
    <field name="size" eval="False"/>
    <field name="state">manual</field>
    <field name="store" eval="True"/>
    <field name="tracking" eval="False"/>
    <field name="translate" eval="False"/>
    <field name="ttype">float</field>
  </record>
  <record id="studio_customization.new_related_field_ve_8dadf920-993c-40c9-aaff-507c834ed05d" model="ir.model.fields" context="{'studio': True}">
    <field name="complete_name" eval="False"/>
    <field name="compute" eval="False"/>
    <field name="copied" eval="False"/>
    <field name="depends" eval="False"/>
    <field name="domain">[]</field>
    <field name="field_description">Odometer Unit</field>
    <field name="groups" eval="[(6, 0, [])]"/>
    <field name="help" eval="False"/>
    <field name="index" eval="False"/>
    <field name="model">x_vehicle_service</field>
    <field name="model_id" ref="studio_customization.vehicle_service_834ede15-fe6d-4038-8a01-7966c499e593"/>
    <field name="name">x_studio_odometer_unit</field>
    <field name="on_delete" eval="False"/>
    <field name="readonly" eval="True"/>
    <field name="related">x_studio_case_name.x_studio_odometer_unit</field>
    <field name="relation" eval="False"/>
    <field name="relation_field" eval="False"/>
    <field name="relation_table" eval="False"/>
    <field name="required" eval="False"/>
    <field name="selectable" eval="True"/>
    <field name="selection">[]</field>
    <field name="size" eval="False"/>
    <field name="state">manual</field>
    <field name="store" eval="True"/>
    <field name="tracking" eval="False"/>
    <field name="translate" eval="False"/>
    <field name="ttype">selection</field>
  </record>
  <record id="studio_customization.new_related_field_ve_3a163b2e-ba16-4f88-aee3-c392eab25d3f" model="ir.model.fields" context="{'studio': True}">
    <field name="complete_name" eval="False"/>
    <field name="compute" eval="False"/>
    <field name="copied" eval="False"/>
    <field name="depends" eval="False"/>
    <field name="domain">[]</field>
    <field name="field_description">Customer Name</field>
    <field name="groups" eval="[(6, 0, [])]"/>
    <field name="help" eval="False"/>
    <field name="index" eval="False"/>
    <field name="model">x_vehicle_service</field>
    <field name="model_id" ref="studio_customization.vehicle_service_834ede15-fe6d-4038-8a01-7966c499e593"/>
    <field name="name">x_studio_customer_name</field>
    <field name="on_delete">set null</field>
    <field name="readonly" eval="True"/>
    <field name="related">x_studio_case_name.x_studio_customer_name</field>
    <field name="relation">res.partner</field>
    <field name="relation_field" eval="False"/>
    <field name="relation_table" eval="False"/>
    <field name="required" eval="False"/>
    <field name="selectable" eval="True"/>
    <field name="selection" eval="False"/>
    <field name="size" eval="False"/>
    <field name="state">manual</field>
    <field name="store" eval="True"/>
    <field name="tracking" eval="False"/>
    <field name="translate" eval="False"/>
    <field name="ttype">many2one</field>
  </record>
  <record id="studio_customization.new_related_field_ve_b5cc0e59-08a2-4adb-9e5d-7d5e24a22ca3" model="ir.model.fields" context="{'studio': True}">
    <field name="complete_name" eval="False"/>
    <field name="compute" eval="False"/>
    <field name="copied" eval="False"/>
    <field name="depends" eval="False"/>
    <field name="domain">[]</field>
    <field name="field_description">Customer Name</field>
    <field name="groups" eval="[(6, 0, [])]"/>
    <field name="help" eval="False"/>
    <field name="index" eval="False"/>
    <field name="model">x_vehicle_service</field>
    <field name="model_id" ref="studio_customization.vehicle_service_834ede15-fe6d-4038-8a01-7966c499e593"/>
    <field name="name">x_studio_customer_name_1</field>
    <field name="on_delete">set null</field>
    <field name="readonly" eval="True"/>
    <field name="related">x_studio_customer_name</field>
    <field name="relation">res.partner</field>
    <field name="relation_field" eval="False"/>
    <field name="relation_table" eval="False"/>
    <field name="required" eval="False"/>
    <field name="selectable" eval="True"/>
    <field name="selection" eval="False"/>
    <field name="size" eval="False"/>
    <field name="state">manual</field>
    <field name="store" eval="True"/>
    <field name="tracking" eval="False"/>
    <field name="translate" eval="False"/>
    <field name="ttype">many2one</field>
  </record>
  <record id="studio_customization.new_related_field_ve_36808dd6-1ba6-4614-ace4-f33ae40da88a" model="ir.model.fields" context="{'studio': True}">
    <field name="complete_name" eval="False"/>
    <field name="compute" eval="False"/>
    <field name="copied" eval="False"/>
    <field name="depends" eval="False"/>
    <field name="domain">[]</field>
    <field name="field_description">New Related Field</field>
    <field name="groups" eval="[(6, 0, [])]"/>
    <field name="help" eval="False"/>
    <field name="index" eval="False"/>
    <field name="model">x_vehicle_service</field>
    <field name="model_id" ref="studio_customization.vehicle_service_834ede15-fe6d-4038-8a01-7966c499e593"/>
    <field name="name">x_studio_field_UhV8q</field>
    <field name="on_delete" eval="False"/>
    <field name="readonly" eval="True"/>
    <field name="related">x_studio_customer_name_1.child_ids</field>
    <field name="relation">res.partner</field>
    <field name="relation_field">parent_id</field>
    <field name="relation_table" eval="False"/>
    <field name="required" eval="False"/>
    <field name="selectable" eval="True"/>
    <field name="selection" eval="False"/>
    <field name="size" eval="False"/>
    <field name="state">manual</field>
    <field name="store" eval="False"/>
    <field name="tracking" eval="False"/>
    <field name="translate" eval="False"/>
    <field name="ttype">one2many</field>
  </record>
  <record id="studio_customization.new_related_field_ve_099495c6-f9b3-4c03-840b-2455b6641f95" model="ir.model.fields" context="{'studio': True}">
    <field name="complete_name" eval="False"/>
    <field name="compute" eval="False"/>
    <field name="copied" eval="False"/>
    <field name="depends" eval="False"/>
    <field name="domain">[]</field>
    <field name="field_description">Mobile</field>
    <field name="groups" eval="[(6, 0, [])]"/>
    <field name="help" eval="False"/>
    <field name="index" eval="False"/>
    <field name="model">x_vehicle_service</field>
    <field name="model_id" ref="studio_customization.vehicle_service_834ede15-fe6d-4038-8a01-7966c499e593"/>
    <field name="name">x_studio_mobile</field>
    <field name="on_delete" eval="False"/>
    <field name="readonly" eval="True"/>
    <field name="related">x_studio_customer_name.child_ids.mobile</field>
    <field name="relation" eval="False"/>
    <field name="relation_field" eval="False"/>
    <field name="relation_table" eval="False"/>
    <field name="required" eval="False"/>
    <field name="selectable" eval="True"/>
    <field name="selection" eval="False"/>
    <field name="size" eval="False"/>
    <field name="state">manual</field>
    <field name="store" eval="True"/>
    <field name="tracking" eval="False"/>
    <field name="translate" eval="False"/>
    <field name="ttype">char</field>
  </record>
  <record id="studio_customization.new_related_field_ve_00fa36de-95f2-4f8a-aa74-da39aee0b759" model="ir.model.fields" context="{'studio': True}">
    <field name="complete_name" eval="False"/>
    <field name="compute" eval="False"/>
    <field name="copied" eval="False"/>
    <field name="depends" eval="False"/>
    <field name="domain">[]</field>
    <field name="field_description">Email</field>
    <field name="groups" eval="[(6, 0, [])]"/>
    <field name="help" eval="False"/>
    <field name="index" eval="False"/>
    <field name="model">x_vehicle_service</field>
    <field name="model_id" ref="studio_customization.vehicle_service_834ede15-fe6d-4038-8a01-7966c499e593"/>
    <field name="name">x_studio_email</field>
    <field name="on_delete" eval="False"/>
    <field name="readonly" eval="True"/>
    <field name="related">x_studio_customer_name.child_ids.email</field>
    <field name="relation" eval="False"/>
    <field name="relation_field" eval="False"/>
    <field name="relation_table" eval="False"/>
    <field name="required" eval="False"/>
    <field name="selectable" eval="True"/>
    <field name="selection" eval="False"/>
    <field name="size" eval="False"/>
    <field name="state">manual</field>
    <field name="store" eval="True"/>
    <field name="tracking" eval="False"/>
    <field name="translate" eval="False"/>
    <field name="ttype">char</field>
  </record>
  <record id="studio_customization.new_related_field_ve_62053fa0-f544-4f23-9b02-4dad4c22108e" model="ir.model.fields" context="{'studio': True}">
    <field name="complete_name" eval="False"/>
    <field name="compute" eval="False"/>
    <field name="copied" eval="False"/>
    <field name="depends" eval="False"/>
    <field name="domain">[]</field>
    <field name="field_description">Address</field>
    <field name="groups" eval="[(6, 0, [])]"/>
    <field name="help" eval="False"/>
    <field name="index" eval="False"/>
    <field name="model">x_vehicle_service</field>
    <field name="model_id" ref="studio_customization.vehicle_service_834ede15-fe6d-4038-8a01-7966c499e593"/>
    <field name="name">x_studio_address</field>
    <field name="on_delete" eval="False"/>
    <field name="readonly" eval="True"/>
    <field name="related">x_studio_customer_name.child_ids.contact_address</field>
    <field name="relation" eval="False"/>
    <field name="relation_field" eval="False"/>
    <field name="relation_table" eval="False"/>
    <field name="required" eval="False"/>
    <field name="selectable" eval="False"/>
    <field name="selection" eval="False"/>
    <field name="size" eval="False"/>
    <field name="state">manual</field>
    <field name="store" eval="False"/>
    <field name="tracking" eval="False"/>
    <field name="translate" eval="False"/>
    <field name="ttype">char</field>
  </record>
  <record id="studio_customization.new_date_time_vehicl_1c843502-13cf-451d-af16-fd07943ce669" model="ir.model.fields" context="{'studio': True}">
    <field name="complete_name" eval="False"/>
    <field name="compute" eval="False"/>
    <field name="copied" eval="False"/>
    <field name="depends" eval="False"/>
    <field name="domain">[]</field>
    <field name="field_description">Booking Date &amp; Time</field>
    <field name="groups" eval="[(6, 0, [])]"/>
    <field name="help" eval="False"/>
    <field name="index" eval="False"/>
    <field name="model">x_vehicle_service</field>
    <field name="model_id" ref="studio_customization.vehicle_service_834ede15-fe6d-4038-8a01-7966c499e593"/>
    <field name="name">x_studio_booking_date_time</field>
    <field name="on_delete" eval="False"/>
    <field name="readonly" eval="False"/>
    <field name="related" eval="False"/>
    <field name="relation" eval="False"/>
    <field name="relation_field" eval="False"/>
    <field name="relation_table" eval="False"/>
    <field name="required" eval="False"/>
    <field name="selectable" eval="True"/>
    <field name="selection" eval="False"/>
    <field name="size" eval="False"/>
    <field name="state">manual</field>
    <field name="store" eval="True"/>
    <field name="tracking" eval="False"/>
    <field name="translate" eval="False"/>
    <field name="ttype">datetime</field>
  </record>
  <record id="studio_customization.job_types_vehicle_se_623e8778-1231-4145-8112-8c7f0e0d9cbb" model="ir.model.fields" context="{'studio': True}">
    <field name="complete_name" eval="False"/>
    <field name="compute" eval="False"/>
    <field name="copied" eval="False"/>
    <field name="depends" eval="False"/>
    <field name="domain">[]</field>
    <field name="field_description">Job Type</field>
    <field name="groups" eval="[(6, 0, [])]"/>
    <field name="help" eval="False"/>
    <field name="index" eval="False"/>
    <field name="model">x_vehicle_service</field>
    <field name="model_id" ref="studio_customization.vehicle_service_834ede15-fe6d-4038-8a01-7966c499e593"/>
    <field name="name">x_studio_job_type</field>
    <field name="on_delete">set null</field>
    <field name="readonly" eval="False"/>
    <field name="related" eval="False"/>
    <field name="relation">x_job_types</field>
    <field name="relation_field" eval="False"/>
    <field name="relation_table" eval="False"/>
    <field name="required" eval="False"/>
    <field name="selectable" eval="True"/>
    <field name="selection" eval="False"/>
    <field name="size" eval="False"/>
    <field name="state">manual</field>
    <field name="store" eval="True"/>
    <field name="tracking" eval="False"/>
    <field name="translate" eval="False"/>
    <field name="ttype">many2one</field>
  </record>
  <record id="studio_customization.account_tag_asset_re_64738d00-d17e-4791-9059-4d936b982973" model="ir.model.fields" context="{'studio': True}">
    <field name="complete_name" eval="False"/>
    <field name="compute" eval="False"/>
    <field name="copied" eval="False"/>
    <field name="depends" eval="False"/>
    <field name="domain">[]</field>
    <field name="field_description">Account Tag</field>
    <field name="groups" eval="[(6, 0, [])]"/>
    <field name="help" eval="False"/>
    <field name="index" eval="False"/>
    <field name="model">account.asset</field>
    <field name="model_id" ref="account_asset.model_account_asset"/>
    <field name="name">x_studio_account_tags</field>
    <field name="on_delete">cascade</field>
    <field name="readonly" eval="False"/>
    <field name="related" eval="False"/>
    <field name="relation">account.account.tag</field>
    <field name="relation_field" eval="False"/>
    <field name="relation_table">x_account_account_tag_account_asset_rel</field>
    <field name="required" eval="False"/>
    <field name="selectable" eval="True"/>
    <field name="selection" eval="False"/>
    <field name="size" eval="False"/>
    <field name="state">manual</field>
    <field name="store" eval="True"/>
    <field name="tracking" eval="False"/>
    <field name="translate" eval="False"/>
    <field name="ttype">many2many</field>
  </record>
  <record id="studio_customization.new_text_vehicle_ser_34cec00f-232b-4f54-9a30-18f74f56f032" model="ir.model.fields" context="{'studio': True}">
    <field name="complete_name" eval="False"/>
    <field name="compute" eval="False"/>
    <field name="copied" eval="False"/>
    <field name="depends" eval="False"/>
    <field name="domain">[]</field>
    <field name="field_description">Base Sequence</field>
    <field name="groups" eval="[(6, 0, [])]"/>
    <field name="help" eval="False"/>
    <field name="index" eval="False"/>
    <field name="model">x_vehicle_service</field>
    <field name="model_id" ref="studio_customization.vehicle_service_834ede15-fe6d-4038-8a01-7966c499e593"/>
    <field name="name">x_studio_base_sequence</field>
    <field name="on_delete" eval="False"/>
    <field name="readonly" eval="False"/>
    <field name="related" eval="False"/>
    <field name="relation" eval="False"/>
    <field name="relation_field" eval="False"/>
    <field name="relation_table" eval="False"/>
    <field name="required" eval="False"/>
    <field name="selectable" eval="True"/>
    <field name="selection" eval="False"/>
    <field name="size" eval="False"/>
    <field name="state">manual</field>
    <field name="store" eval="True"/>
    <field name="tracking" eval="False"/>
    <field name="translate" eval="False"/>
    <field name="ttype">char</field>
  </record>
  <record id="studio_customization.project_vehicle_serv_b08c40a1-7bfc-4bc8-9d27-38aae5c938f9" model="ir.model.fields" context="{'studio': True}">
    <field name="complete_name" eval="False"/>
    <field name="compute" eval="False"/>
    <field name="copied" eval="False"/>
    <field name="depends" eval="False"/>
    <field name="domain">[]</field>
    <field name="field_description">Nature Of Service</field>
    <field name="groups" eval="[(6, 0, [])]"/>
    <field name="help" eval="False"/>
    <field name="index" eval="False"/>
    <field name="model">x_vehicle_service</field>
    <field name="model_id" ref="studio_customization.vehicle_service_834ede15-fe6d-4038-8a01-7966c499e593"/>
    <field name="name">x_studio_nature_of_service</field>
    <field name="on_delete">set null</field>
    <field name="readonly" eval="False"/>
    <field name="related" eval="False"/>
    <field name="relation">project.project</field>
    <field name="relation_field" eval="False"/>
    <field name="relation_table" eval="False"/>
    <field name="required" eval="False"/>
    <field name="selectable" eval="True"/>
    <field name="selection" eval="False"/>
    <field name="size" eval="False"/>
    <field name="state">manual</field>
    <field name="store" eval="True"/>
    <field name="tracking" eval="False"/>
    <field name="translate" eval="False"/>
    <field name="ttype">many2one</field>
  </record>
  <record id="studio_customization.analytic_account_ass_fb3f4696-4846-47d4-92a4-63c8cbe80ef5" model="ir.model.fields" context="{'studio': True}">
    <field name="complete_name" eval="False"/>
    <field name="compute" eval="False"/>
    <field name="copied" eval="False"/>
    <field name="depends" eval="False"/>
    <field name="domain">[]</field>
    <field name="field_description">Analytic Account</field>
    <field name="groups" eval="[(6, 0, [])]"/>
    <field name="help" eval="False"/>
    <field name="index" eval="False"/>
    <field name="model">account.asset</field>
    <field name="model_id" ref="account_asset.model_account_asset"/>
    <field name="name">x_studio_field_xa9W7</field>
    <field name="on_delete">cascade</field>
    <field name="readonly" eval="False"/>
    <field name="related" eval="False"/>
    <field name="relation">account.analytic.account</field>
    <field name="relation_field" eval="False"/>
    <field name="relation_table">x_account_analytic_account_account_asset_rel</field>
    <field name="required" eval="False"/>
    <field name="selectable" eval="True"/>
    <field name="selection" eval="False"/>
    <field name="size" eval="False"/>
    <field name="state">manual</field>
    <field name="store" eval="True"/>
    <field name="tracking" eval="False"/>
    <field name="translate" eval="False"/>
    <field name="ttype">many2many</field>
  </record>
  <record id="studio_customization.new_text_asset_reven_a170aa73-4a5c-4c4a-992e-a193eb0d83b0" model="ir.model.fields" context="{'studio': True}">
    <field name="complete_name" eval="False"/>
    <field name="compute" eval="False"/>
    <field name="copied" eval="False"/>
    <field name="depends" eval="False"/>
    <field name="domain">[]</field>
    <field name="field_description">Account Tag</field>
    <field name="groups" eval="[(6, 0, [])]"/>
    <field name="help" eval="False"/>
    <field name="index" eval="False"/>
    <field name="model">account.asset</field>
    <field name="model_id" ref="account_asset.model_account_asset"/>
    <field name="name">x_studio_account_tag</field>
    <field name="on_delete" eval="False"/>
    <field name="readonly" eval="False"/>
    <field name="related" eval="False"/>
    <field name="relation" eval="False"/>
    <field name="relation_field" eval="False"/>
    <field name="relation_table" eval="False"/>
    <field name="required" eval="False"/>
    <field name="selectable" eval="True"/>
    <field name="selection" eval="False"/>
    <field name="size" eval="False"/>
    <field name="state">manual</field>
    <field name="store" eval="True"/>
    <field name="tracking" eval="False"/>
    <field name="translate" eval="False"/>
    <field name="ttype">char</field>
  </record>
  <record id="studio_customization.vehicle_tag_vehicle__93748c1c-6aad-4ec2-8b2a-d28ead8f0467" model="ir.model.fields" context="{'studio': True}">
    <field name="complete_name" eval="False"/>
    <field name="compute" eval="False"/>
    <field name="copied" eval="False"/>
    <field name="depends" eval="False"/>
    <field name="domain">[]</field>
    <field name="field_description">Vehicle Tag</field>
    <field name="groups" eval="[(6, 0, [])]"/>
    <field name="help" eval="False"/>
    <field name="index" eval="False"/>
    <field name="model">x_vehicle_registration</field>
    <field name="model_id" ref="studio_customization.vehicle_registration_8df3de6a-7d45-4324-af82-e64cab3900b1"/>
    <field name="name">x_studio_field_rDZ6g</field>
    <field name="on_delete">cascade</field>
    <field name="readonly" eval="False"/>
    <field name="related" eval="False"/>
    <field name="relation">fleet.vehicle.tag</field>
    <field name="relation_field" eval="False"/>
    <field name="relation_table">x_fleet_vehicle_tag_x_vehicle_registration_rel</field>
    <field name="required" eval="False"/>
    <field name="selectable" eval="True"/>
    <field name="selection" eval="False"/>
    <field name="size" eval="False"/>
    <field name="state">manual</field>
    <field name="store" eval="True"/>
    <field name="tracking" eval="False"/>
    <field name="translate" eval="False"/>
    <field name="ttype">many2many</field>
  </record>
  <record id="studio_customization.color_vehicle_regist_9e3f2e12-74b0-4b68-b41a-045c38d129ca" model="ir.model.fields" context="{'studio': True}">
    <field name="complete_name" eval="False"/>
    <field name="compute" eval="False"/>
    <field name="copied" eval="False"/>
    <field name="depends" eval="False"/>
    <field name="domain">[]</field>
    <field name="field_description">Color</field>
    <field name="groups" eval="[(6, 0, [])]"/>
    <field name="help" eval="False"/>
    <field name="index" eval="False"/>
    <field name="model">x_vehicle_registration</field>
    <field name="model_id" ref="studio_customization.vehicle_registration_8df3de6a-7d45-4324-af82-e64cab3900b1"/>
    <field name="name">x_color</field>
    <field name="on_delete" eval="False"/>
    <field name="readonly" eval="False"/>
    <field name="related" eval="False"/>
    <field name="relation" eval="False"/>
    <field name="relation_field" eval="False"/>
    <field name="relation_table" eval="False"/>
    <field name="required" eval="False"/>
    <field name="selectable" eval="True"/>
    <field name="selection" eval="False"/>
    <field name="size" eval="False"/>
    <field name="state">manual</field>
    <field name="store" eval="True"/>
    <field name="tracking" eval="False"/>
    <field name="translate" eval="False"/>
    <field name="ttype">integer</field>
  </record>
  <record id="studio_customization.new_related_field_ve_819cae33-d666-481e-ad4c-e0527c32d21f" model="ir.model.fields" context="{'studio': True}">
    <field name="complete_name" eval="False"/>
    <field name="compute" eval="False"/>
    <field name="copied" eval="False"/>
    <field name="depends" eval="False"/>
    <field name="domain">[]</field>
    <field name="field_description">Logo</field>
    <field name="groups" eval="[(6, 0, [])]"/>
    <field name="help" eval="False"/>
    <field name="index" eval="False"/>
    <field name="model">x_vehicle_registration</field>
    <field name="model_id" ref="studio_customization.vehicle_registration_8df3de6a-7d45-4324-af82-e64cab3900b1"/>
    <field name="name">x_studio_logo</field>
    <field name="on_delete" eval="False"/>
    <field name="readonly" eval="True"/>
    <field name="related">x_studio_model.image_128</field>
    <field name="relation" eval="False"/>
    <field name="relation_field" eval="False"/>
    <field name="relation_table" eval="False"/>
    <field name="required" eval="False"/>
    <field name="selectable" eval="True"/>
    <field name="selection" eval="False"/>
    <field name="size" eval="False"/>
    <field name="state">manual</field>
    <field name="store" eval="False"/>
    <field name="tracking" eval="False"/>
    <field name="translate" eval="False"/>
    <field name="ttype">binary</field>
  </record>
  <record id="studio_customization.cover_image_vehicle__eddaac44-f93e-4f21-b1d5-1cce58af2db6" model="ir.model.fields" context="{'studio': True}">
    <field name="complete_name" eval="False"/>
    <field name="compute" eval="False"/>
    <field name="copied" eval="False"/>
    <field name="depends" eval="False"/>
    <field name="domain">[("res_model", "=", "x_vehicle_registration"), ("res_id", "=", "592"), ("mimetype", "ilike", "image")]</field>
    <field name="field_description">Cover Image</field>
    <field name="groups" eval="[(6, 0, [])]"/>
    <field name="help" eval="False"/>
    <field name="index" eval="False"/>
    <field name="model">x_vehicle_registration</field>
    <field name="model_id" ref="studio_customization.vehicle_registration_8df3de6a-7d45-4324-af82-e64cab3900b1"/>
    <field name="name">x_studio_cover_image_id</field>
    <field name="on_delete">set null</field>
    <field name="readonly" eval="False"/>
    <field name="related" eval="False"/>
    <field name="relation">ir.attachment</field>
    <field name="relation_field" eval="False"/>
    <field name="relation_table" eval="False"/>
    <field name="required" eval="False"/>
    <field name="selectable" eval="True"/>
    <field name="selection" eval="False"/>
    <field name="size" eval="False"/>
    <field name="state">manual</field>
    <field name="store" eval="True"/>
    <field name="tracking" eval="False"/>
    <field name="translate" eval="False"/>
    <field name="ttype">many2one</field>
  </record>
</odoo>
