<?xml version='1.0' encoding='UTF-8'?>
<odoo>
  <record id="account.product_product_menu_sellable" model="ir.ui.menu" context="{'studio': True}">
    <field name="action" ref="account.product_product_action_sellable"/>
    <field name="active" eval="True"/>
    <field name="groups_id" eval="[(6, 0, [])]"/>
    <field name="name">Items</field>
    <field name="parent_id" ref="account.menu_finance_receivables"/>
    <field name="sequence">100</field>
    <field name="web_icon" eval="False"/>
  </record>
  <record id="account.product_product_menu_purchasable" model="ir.ui.menu" context="{'studio': True}">
    <field name="action" ref="account.product_product_action_purchasable"/>
    <field name="active" eval="True"/>
    <field name="groups_id" eval="[(6, 0, [])]"/>
    <field name="name">Items</field>
    <field name="parent_id" ref="account.menu_finance_payables"/>
    <field name="sequence">100</field>
    <field name="web_icon" eval="False"/>
  </record>
  <record id="account.account_analytic_def_account" model="ir.ui.menu" context="{'studio': True}">
    <field name="action" ref="analytic.action_account_analytic_account_form"/>
    <field name="active" eval="True"/>
    <field name="groups_id" eval="[(6, 0, [ref('analytic.group_analytic_accounting')])]"/>
    <field name="name">Analytic Accounts</field>
    <field name="parent_id" ref="account.menu_analytic_accounting"/>
    <field name="sequence" eval="False"/>
    <field name="web_icon" eval="False"/>
  </record>
  <record id="account.account_analytic_tag_menu" model="ir.ui.menu" context="{'studio': True}">
    <field name="action" ref="analytic.account_analytic_tag_action"/>
    <field name="active" eval="True"/>
    <field name="groups_id" eval="[(6, 0, [ref('analytic.group_analytic_tags')])]"/>
    <field name="name">Analytic Tags</field>
    <field name="parent_id" ref="account.menu_analytic_accounting"/>
    <field name="sequence">10</field>
    <field name="web_icon" eval="False"/>
  </record>
  <record id="sale.product_menu_catalog" model="ir.ui.menu" context="{'studio': True}">
    <field name="action" eval="False"/>
    <field name="active" eval="True"/>
    <field name="groups_id" eval="[(6, 0, [ref('sales_team.group_sale_salesman')])]"/>
    <field name="name">Items</field>
    <field name="parent_id" ref="sale.sale_menu_root"/>
    <field name="sequence">4</field>
    <field name="web_icon" eval="False"/>
  </record>
  <record id="sale.menu_product_template_action" model="ir.ui.menu" context="{'studio': True}">
    <field name="action" ref="sale.product_template_action"/>
    <field name="active" eval="True"/>
    <field name="groups_id" eval="[(6, 0, [])]"/>
    <field name="name">Items</field>
    <field name="parent_id" ref="sale.product_menu_catalog"/>
    <field name="sequence">1</field>
    <field name="web_icon" eval="False"/>
  </record>
  <record id="sale.prod_config_main" model="ir.ui.menu" context="{'studio': True}">
    <field name="action" eval="False"/>
    <field name="active" eval="True"/>
    <field name="groups_id" eval="[(6, 0, [])]"/>
    <field name="name">Items</field>
    <field name="parent_id" ref="sale.menu_sale_config"/>
    <field name="sequence">5</field>
    <field name="web_icon" eval="False"/>
  </record>
  <record id="sale.menu_products" model="ir.ui.menu" context="{'studio': True}">
    <field name="action" ref="product.product_normal_action_sell"/>
    <field name="active" eval="True"/>
    <field name="groups_id" eval="[(6, 0, [ref('product.group_product_variant')])]"/>
    <field name="name">Item Variants</field>
    <field name="parent_id" ref="sale.product_menu_catalog"/>
    <field name="sequence">2</field>
    <field name="web_icon" eval="False"/>
  </record>
  <record id="contacts.menu_contacts" model="ir.ui.menu" context="{'studio': True}">
    <field name="action" eval="False"/>
    <field name="active" eval="True"/>
    <field name="groups_id" eval="[(6, 0, [ref('base.group_partner_manager'), ref('base.group_user')])]"/>
    <field name="name">Customers</field>
    <field name="parent_id" eval="False"/>
    <field name="sequence">4</field>
    <field name="web_icon">contacts,static/description/icon.png</field>
  </record>
  <record id="contacts.res_partner_menu_contacts" model="ir.ui.menu" context="{'studio': True}">
    <field name="action" ref="contacts.action_contacts"/>
    <field name="active" eval="True"/>
    <field name="groups_id" eval="[(6, 0, [])]"/>
    <field name="name">Customers</field>
    <field name="parent_id" ref="contacts.menu_contacts"/>
    <field name="sequence">2</field>
    <field name="web_icon" eval="False"/>
  </record>
  <record id="contacts.menu_partner_category_form" model="ir.ui.menu" context="{'studio': True}">
    <field name="action" ref="base.action_partner_category_form"/>
    <field name="active" eval="True"/>
    <field name="groups_id" eval="[(6, 0, [])]"/>
    <field name="name">Customer Tags</field>
    <field name="parent_id" ref="contacts.res_partner_menu_config"/>
    <field name="sequence">1</field>
    <field name="web_icon" eval="False"/>
  </record>
  <record id="contacts.menu_partner_title_contact" model="ir.ui.menu" context="{'studio': True}">
    <field name="action" ref="base.action_partner_title_contact"/>
    <field name="active" eval="True"/>
    <field name="groups_id" eval="[(6, 0, [])]"/>
    <field name="name">Customer Titles</field>
    <field name="parent_id" ref="contacts.res_partner_menu_config"/>
    <field name="sequence">3</field>
    <field name="web_icon" eval="False"/>
  </record>
  <record id="stock.menu_product_in_config_stock" model="ir.ui.menu" context="{'studio': True}">
    <field name="action" eval="False"/>
    <field name="active" eval="True"/>
    <field name="groups_id" eval="[(6, 0, [])]"/>
    <field name="name">Items</field>
    <field name="parent_id" ref="stock.menu_stock_config_settings"/>
    <field name="sequence">4</field>
    <field name="web_icon" eval="False"/>
  </record>
  <record id="stock.menu_product_category_config_stock" model="ir.ui.menu" context="{'studio': True}">
    <field name="action" ref="product.product_category_action_form"/>
    <field name="active" eval="True"/>
    <field name="groups_id" eval="[(6, 0, [])]"/>
    <field name="name">Item Categories</field>
    <field name="parent_id" ref="stock.menu_product_in_config_stock"/>
    <field name="sequence">2</field>
    <field name="web_icon" eval="False"/>
  </record>
  <record id="stock.stock_move_line_menu" model="ir.ui.menu" context="{'studio': True}">
    <field name="action" ref="stock.stock_move_line_action"/>
    <field name="active" eval="True"/>
    <field name="groups_id" eval="[(6, 0, [])]"/>
    <field name="name">Item Moves</field>
    <field name="parent_id" ref="stock.menu_warehouse_report"/>
    <field name="sequence">150</field>
    <field name="web_icon" eval="False"/>
  </record>
  <record id="stock.menu_product_variant_config_stock" model="ir.ui.menu" context="{'studio': True}">
    <field name="action" ref="stock.product_template_action_product"/>
    <field name="active" eval="True"/>
    <field name="groups_id" eval="[(6, 0, [])]"/>
    <field name="name">Items</field>
    <field name="parent_id" ref="stock.menu_stock_inventory_control"/>
    <field name="sequence">1</field>
    <field name="web_icon" eval="False"/>
  </record>
  <record id="stock.product_product_menu" model="ir.ui.menu" context="{'studio': True}">
    <field name="action" ref="stock.stock_product_normal_action"/>
    <field name="active" eval="True"/>
    <field name="groups_id" eval="[(6, 0, [ref('product.group_product_variant')])]"/>
    <field name="name">Item Variants</field>
    <field name="parent_id" ref="stock.menu_stock_inventory_control"/>
    <field name="sequence">2</field>
    <field name="web_icon" eval="False"/>
  </record>
  <record id="industry_fsm.fsm_menu_settings_product" model="ir.ui.menu" context="{'studio': True}">
    <field name="action" ref="industry_fsm.product_action_fsm"/>
    <field name="active" eval="True"/>
    <field name="groups_id" eval="[(6, 0, [ref('sales_team.group_sale_salesman')])]"/>
    <field name="name">Items</field>
    <field name="parent_id" ref="industry_fsm.fsm_menu_settings"/>
    <field name="sequence">20</field>
    <field name="web_icon" eval="False"/>
  </record>
  <record id="hr_expense.menu_hr_product" model="ir.ui.menu" context="{'studio': True}">
    <field name="action" ref="hr_expense.hr_expense_product"/>
    <field name="active" eval="True"/>
    <field name="groups_id" eval="[(6, 0, [ref('hr_expense.group_hr_expense_manager')])]"/>
    <field name="name">Expense Items</field>
    <field name="parent_id" ref="hr_expense.menu_hr_expense_configuration"/>
    <field name="sequence">10</field>
    <field name="web_icon" eval="False"/>
  </record>
  <record id="account_accountant.menu_accounting" model="ir.ui.menu" context="{'studio': True}">
    <field name="action" eval="False"/>
    <field name="active" eval="True"/>
    <field name="groups_id" eval="[(6, 0, [ref('account.group_account_user'), ref('account.group_account_manager'), ref('account.group_account_invoice')])]"/>
    <field name="name">Finance</field>
    <field name="parent_id" eval="False"/>
    <field name="sequence">40</field>
    <field name="web_icon">account_accountant,static/description/icon.png</field>
  </record>
  <record id="purchase.menu_product_in_config_purchase" model="ir.ui.menu" context="{'studio': True}">
    <field name="action" eval="False"/>
    <field name="active" eval="True"/>
    <field name="groups_id" eval="[(6, 0, [ref('base.group_no_one')])]"/>
    <field name="name">Items</field>
    <field name="parent_id" ref="purchase.menu_purchase_config"/>
    <field name="sequence">30</field>
    <field name="web_icon" eval="False"/>
  </record>
  <record id="purchase.menu_product_category_config_purchase" model="ir.ui.menu" context="{'studio': True}">
    <field name="action" ref="product.product_category_action_form"/>
    <field name="active" eval="True"/>
    <field name="groups_id" eval="[(6, 0, [])]"/>
    <field name="name">Item Categories</field>
    <field name="parent_id" ref="purchase.menu_product_in_config_purchase"/>
    <field name="sequence">1</field>
    <field name="web_icon" eval="False"/>
  </record>
  <record id="purchase.menu_purchase_products" model="ir.ui.menu" context="{'studio': True}">
    <field name="action" eval="False"/>
    <field name="active" eval="True"/>
    <field name="groups_id" eval="[(6, 0, [])]"/>
    <field name="name">Items</field>
    <field name="parent_id" ref="purchase.menu_purchase_root"/>
    <field name="sequence">5</field>
    <field name="web_icon" eval="False"/>
  </record>
  <record id="purchase.menu_procurement_partner_contact_form" model="ir.ui.menu" context="{'studio': True}">
    <field name="action" ref="purchase.product_normal_action_puchased"/>
    <field name="active" eval="True"/>
    <field name="groups_id" eval="[(6, 0, [])]"/>
    <field name="name">Items</field>
    <field name="parent_id" ref="purchase.menu_purchase_products"/>
    <field name="sequence">20</field>
    <field name="web_icon" eval="False"/>
  </record>
  <record id="purchase.product_product_menu" model="ir.ui.menu" context="{'studio': True}">
    <field name="action" ref="purchase.product_product_action"/>
    <field name="active" eval="True"/>
    <field name="groups_id" eval="[(6, 0, [ref('product.group_product_variant')])]"/>
    <field name="name">Item Variants</field>
    <field name="parent_id" ref="purchase.menu_purchase_products"/>
    <field name="sequence">21</field>
    <field name="web_icon" eval="False"/>
  </record>
  <record id="studio_customization.workshop_9c75813e-ffda-47f0-99ab-f2f5a733ba74" model="ir.ui.menu" context="{'studio': True}">
    <field name="action" eval="False"/>
    <field name="active" eval="True"/>
    <field name="groups_id" eval="[(6, 0, [])]"/>
    <field name="name">Workshop</field>
    <field name="parent_id" eval="False"/>
    <field name="sequence">10</field>
    <field name="web_icon" eval="False"/>
  </record>
  <record id="studio_customization.workshop_vehicle_ser_1434bc2e-9022-4ed3-a0dc-6d40df474685" model="ir.ui.menu" context="{'studio': True}">
    <field name="action" ref="studio_customization.vehicle_service_5976899d-f2b6-4960-a6fb-b92b9bbd4228"/>
    <field name="active" eval="True"/>
    <field name="groups_id" eval="[(6, 0, [])]"/>
    <field name="name">Vehicle Service</field>
    <field name="parent_id" ref="studio_customization.workshop_9c75813e-ffda-47f0-99ab-f2f5a733ba74"/>
    <field name="sequence" eval="False"/>
    <field name="web_icon" eval="False"/>
  </record>
  <record id="studio_customization.workshop_vehicle_reg_7e3a187f-f512-41e4-a573-b9c3e6e7c6b4" model="ir.ui.menu" context="{'studio': True}">
    <field name="action" ref="studio_customization.vehicle_registration_fffe0652-b963-43fe-8fcb-cdc888f6991c"/>
    <field name="active" eval="True"/>
    <field name="groups_id" eval="[(6, 0, [])]"/>
    <field name="name">Vehicle Registration</field>
    <field name="parent_id" ref="studio_customization.workshop_vehicle_ser_1434bc2e-9022-4ed3-a0dc-6d40df474685"/>
    <field name="sequence" eval="False"/>
    <field name="web_icon" eval="False"/>
  </record>
  <record id="studio_customization.workshop_vehicle_rep_90883beb-8017-4b07-96d7-a4530e946b9b" model="ir.ui.menu" context="{'studio': True}">
    <field name="action" ref="studio_customization.vehicle_repair_02bcfd64-b25c-4459-af86-3bf27a58b889"/>
    <field name="active" eval="True"/>
    <field name="groups_id" eval="[(6, 0, [])]"/>
    <field name="name">Vehicle Repair</field>
    <field name="parent_id" ref="studio_customization.workshop_vehicle_ser_1434bc2e-9022-4ed3-a0dc-6d40df474685"/>
    <field name="sequence">1</field>
    <field name="web_icon" eval="False"/>
  </record>
  <record id="studio_customization.workshop_reporting_d65a72d4-ccf9-4541-b4d5-16038712d34e" model="ir.ui.menu" context="{'studio': True}">
    <field name="action" ref="studio_customization.reporting_a9a6789c-2754-4e70-b1fd-c9dafdec6fe2"/>
    <field name="active" eval="True"/>
    <field name="groups_id" eval="[(6, 0, [])]"/>
    <field name="name">Reporting</field>
    <field name="parent_id" ref="studio_customization.workshop_9c75813e-ffda-47f0-99ab-f2f5a733ba74"/>
    <field name="sequence">2</field>
    <field name="web_icon" eval="False"/>
  </record>
  <record id="studio_customization.workshop_configurati_4e371e6b-6407-477c-8242-495077e1858c" model="ir.ui.menu" context="{'studio': True}">
    <field name="action" ref="studio_customization.configuration_9d0cff74-7ded-4c7d-8fbd-a2ac93e62eef"/>
    <field name="active" eval="True"/>
    <field name="groups_id" eval="[(6, 0, [])]"/>
    <field name="name">Configuration</field>
    <field name="parent_id" ref="studio_customization.workshop_9c75813e-ffda-47f0-99ab-f2f5a733ba74"/>
    <field name="sequence">3</field>
    <field name="web_icon" eval="False"/>
  </record>
  <record id="studio_customization.workshop_car_manufac_28dc327b-7e32-4314-a87f-fe72c58ad94c" model="ir.ui.menu" context="{'studio': True}">
    <field name="action" ref="studio_customization.car_manufacturers_b4741272-1c9f-4dd0-b305-f87b5000da26"/>
    <field name="active" eval="True"/>
    <field name="groups_id" eval="[(6, 0, [])]"/>
    <field name="name">Car Manufacturers</field>
    <field name="parent_id" ref="studio_customization.workshop_configurati_4e371e6b-6407-477c-8242-495077e1858c"/>
    <field name="sequence" eval="False"/>
    <field name="web_icon" eval="False"/>
  </record>
  <record id="studio_customization.workshop_vehicle_mod_65896858-4fff-46f2-8f2d-133083e8219e" model="ir.ui.menu" context="{'studio': True}">
    <field name="action" ref="studio_customization.vehicle_model_022a8e56-ca36-4b30-9c72-b6bf289b1c5e"/>
    <field name="active" eval="True"/>
    <field name="groups_id" eval="[(6, 0, [])]"/>
    <field name="name">Vehicle Model</field>
    <field name="parent_id" ref="studio_customization.workshop_configurati_4e371e6b-6407-477c-8242-495077e1858c"/>
    <field name="sequence">1</field>
    <field name="web_icon" eval="False"/>
  </record>
  <record id="studio_customization.workshop_vehicle_sta_f0e41758-073a-406d-9fde-74e72801bda4" model="ir.ui.menu" context="{'studio': True}">
    <field name="action" ref="studio_customization.vehicle_status_81dbd0c1-c91a-443b-9ad3-d199d4ef807b"/>
    <field name="active" eval="True"/>
    <field name="groups_id" eval="[(6, 0, [])]"/>
    <field name="name">Vehicle Status</field>
    <field name="parent_id" ref="studio_customization.workshop_configurati_4e371e6b-6407-477c-8242-495077e1858c"/>
    <field name="sequence">2</field>
    <field name="web_icon" eval="False"/>
  </record>
  <record id="studio_customization.workshop_job_types_b1d70ad2-2613-4aa0-a1da-35efc1339f6c" model="ir.ui.menu" context="{'studio': True}">
    <field name="action" ref="studio_customization.job_types_22cdcffc-6648-4d83-b9be-7b8c9ea92218"/>
    <field name="active" eval="False"/>
    <field name="groups_id" eval="[(6, 0, [])]"/>
    <field name="name">Job Types</field>
    <field name="parent_id" ref="studio_customization.workshop_configurati_4e371e6b-6407-477c-8242-495077e1858c"/>
    <field name="sequence">3</field>
    <field name="web_icon" eval="False"/>
  </record>
  <record id="studio_customization.workshop_vehicle_dia_3e9df2d3-15cf-4c95-86a2-ab9c45270fdd" model="ir.ui.menu" context="{'studio': True}">
    <field name="action" ref="studio_customization.vehicle_diagnosis_f16926f9-0671-47e5-bbef-d02bad020269"/>
    <field name="active" eval="True"/>
    <field name="groups_id" eval="[(6, 0, [])]"/>
    <field name="name">Vehicle Diagnosis</field>
    <field name="parent_id" ref="studio_customization.workshop_vehicle_ser_1434bc2e-9022-4ed3-a0dc-6d40df474685"/>
    <field name="sequence">2</field>
    <field name="web_icon" eval="False"/>
  </record>
  <record id="studio_customization.workshop_workshop_te_924c5a3a-3ad9-4f3a-8f9c-a53d65bbb301" model="ir.ui.menu" context="{'studio': True}">
    <field name="action" ref="studio_customization.workshop_teams_71488aa4-247c-431d-8309-ef10f55bc307"/>
    <field name="active" eval="True"/>
    <field name="groups_id" eval="[(6, 0, [])]"/>
    <field name="name">Workshop Teams</field>
    <field name="parent_id" ref="studio_customization.workshop_configurati_4e371e6b-6407-477c-8242-495077e1858c"/>
    <field name="sequence">4</field>
    <field name="web_icon" eval="False"/>
  </record>
  <record id="studio_customization.workshop_job_types_5c161f84-3ab5-4c3b-88f0-35f846ff87a6" model="ir.ui.menu" context="{'studio': True}">
    <field name="action" ref="studio_customization.job_types_5e8aeed8-ac2b-4b95-bcb7-d7bfb8729dca"/>
    <field name="active" eval="True"/>
    <field name="groups_id" eval="[(6, 0, [])]"/>
    <field name="name">Job Types</field>
    <field name="parent_id" ref="studio_customization.workshop_configurati_4e371e6b-6407-477c-8242-495077e1858c"/>
    <field name="sequence">3</field>
    <field name="web_icon" eval="False"/>
  </record>
</odoo>
