<?xml version="1.0" ?>
<odoo>
        <record id="module_workshop_category" model="ir.module.category">
            <field name="name">Workshop</field>
            <field name="sequence">17</field>
        </record>
        <record id="workshop_group_user" model="res.groups">
            <field name="name">Service User</field>
            <field name="category_id" ref="base.module_category_workshop"/>
            <field name="implied_ids" eval="[(4, ref('base.group_user'))]"/>
        </record>
        <record id="workshop_group_manager" model="res.groups">
            <field name="name">Service Manager</field>
            <field name="implied_ids" eval="[(4, ref('workshop_group_user'))]"/>
            <field name="category_id" ref="base.module_category_workshop"/>
            <field name="users" eval="[(4, ref('base.user_root')), (4, ref('base.user_admin'))]"/>
        </record>

    <data noupdate="1">
        <record id="base.default_user" model="res.users">
            <field name="groups_id" eval="[(4,ref('workshop.workshop_group_manager'))]"/>
        </record>
<!--        <record id="workshop_rule_contract_visibility_user" model="ir.rule">-->
<!--            <field name="name">User can only see his/her contracts</field>-->
<!--            <field name="model_id" ref="model_workshop_vehicle_log_contract"/>-->
<!--            <field name="groups" eval="[(4, ref('workshop_group_user'))]"/>-->
<!--            <field name="perm_read" eval="True"/>-->
<!--            <field name="perm_write" eval="False"/>-->
<!--            <field name="perm_create" eval="False"/>-->
<!--            <field name="perm_unlink" eval="False"/>-->
<!--            <field name="domain_force">[('cost_id.vehicle_id.driver_id','=',user.partner_id.id)]</field>-->
<!--        </record>-->
        <record id="workshop_rule_cost_visibility_user" model="ir.rule">
            <field name="name">User can only see his/her costs</field>
            <field name="model_id" ref="model_workshop_vehicle_cost"/>
            <field name="groups" eval="[(4, ref('workshop_group_user'))]"/>
            <field name="perm_read" eval="True"/>
            <field name="perm_write" eval="True"/>
            <field name="perm_create" eval="True"/>
            <field name="perm_unlink" eval="False"/>
            <field name="domain_force">[('vehicle_id.driver_id','=',user.partner_id.id)]</field>
        </record>
        <record id="workshop_rule_service_visibility_user" model="ir.rule">
            <field name="name">User can only see his/her vehicle's services</field>
            <field name="model_id" ref="model_workshop_vehicle_log_services"/>
            <field name="groups" eval="[(4, ref('workshop_group_user'))]"/>
            <field name="perm_read" eval="True"/>
            <field name="perm_write" eval="False"/>
            <field name="perm_create" eval="False"/>
            <field name="perm_unlink" eval="False"/>
            <field name="domain_force">[('cost_id.vehicle_id.driver_id','=',user.partner_id.id)]</field>
        </record>
        <record id="workshop_rule_odometer_visibility_user" model="ir.rule">
            <field name="name">User can only see his/her vehicle's odometer</field>
            <field name="model_id" ref="model_workshop_vehicle_odometer"/>
            <field name="groups" eval="[(4, ref('workshop_group_user'))]"/>
            <field name="perm_read" eval="True"/>
            <field name="perm_write" eval="True"/>
            <field name="perm_create" eval="True"/>
            <field name="perm_unlink" eval="True"/>
            <field name="domain_force">[('vehicle_id.driver_id','=',user.partner_id.id)]</field>
        </record>
<!--        <record id="workshop_rule_fuel_log_visibility_user" model="ir.rule">-->
<!--            <field name="name">User can only see his/her vehicle's fuel log</field>-->
<!--            <field name="model_id" ref="model_workshop_vehicle_log_fuel"/>-->
<!--            <field name="groups" eval="[(4, ref('workshop_group_user'))]"/>-->
<!--            <field name="perm_read" eval="True"/>-->
<!--            <field name="perm_write" eval="True"/>-->
<!--            <field name="perm_create" eval="True"/>-->
<!--            <field name="perm_unlink" eval="True"/>-->
<!--            <field name="domain_force">[('cost_id.vehicle_id.driver_id','=',user.partner_id.id)]</field>-->
<!--        </record>-->
        <record id="workshop_rule_vehicle_visibility_user" model="ir.rule">
            <field name="name">User can only see his/her vehicle</field>
            <field name="model_id" ref="model_workshop_vehicle"/>
            <field name="groups" eval="[(4, ref('workshop_group_user'))]"/>
            <field name="perm_read" eval="True"/>
            <field name="perm_write" eval="True"/>
            <field name="perm_create" eval="False"/>
            <field name="perm_unlink" eval="False"/>
            <field name="domain_force">[('driver_id','=',user.partner_id.id)]</field>
        </record>
<!--        <record id="workshop_rule_contract_visibility_manager" model="ir.rule">-->
<!--            <field name="name">Administrator has all rights on vehicle's contracts</field>-->
<!--            <field name="model_id" ref="model_workshop_vehicle_log_contract"/>-->
<!--            <field name="groups" eval="[(4, ref('workshop_group_manager'))]"/>-->
<!--        </record>-->
        <record id="workshop_rule_cost_visibility_manager" model="ir.rule">
            <field name="name">Administrator has all rights on vehicle's costs</field>
            <field name="model_id" ref="model_workshop_vehicle_cost"/>
            <field name="groups" eval="[(4, ref('workshop_group_manager'))]"/>
        </record>
        <record id="workshop_rule_service_visibility_manager" model="ir.rule">
            <field name="name">Administrator has all rights on vehicle's services</field>
            <field name="model_id" ref="model_workshop_vehicle_log_services"/>
            <field name="groups" eval="[(4, ref('workshop_group_manager'))]"/>
        </record>
        <record id="workshop_rule_odometer_visibility_manager" model="ir.rule">
            <field name="name">Administrator has all rights on vehicle's vehicle's odometer</field>
            <field name="model_id" ref="model_workshop_vehicle_odometer"/>
            <field name="groups" eval="[(4, ref('workshop_group_manager'))]"/>
        </record>
<!--        <record id="workshop_rule_fuel_log_visibility_manager" model="ir.rule">-->
<!--            <field name="name">Administrator has all rights on vehicle's fuel log</field>-->
<!--            <field name="model_id" ref="model_workshop_vehicle_log_fuel"/>-->
<!--            <field name="groups" eval="[(4, ref('workshop_group_manager'))]"/>-->
<!--        </record>-->
        <record id="workshop_rule_vehicle_visibility_manager" model="ir.rule">
            <field name="name">Administrator has all rights on vehicle</field>
            <field name="model_id" ref="model_workshop_vehicle"/>
            <field name="groups" eval="[(4, ref('workshop_group_manager'))]"/>
        </record>
        <record id="ir_rule_workshop_vehicle" model="ir.rule">
            <field name="name">workshop vehicle: Multi Company</field>
            <field name="model_id" ref="model_workshop_vehicle"/>
            <field name="global" eval="True"/>
            <field name="domain_force">['|', ('company_id', '=', False), ('company_id', 'in', company_ids)]</field>
        </record>
    </data>
</odoo>
