PART NUMBER,DESCRIPTION,BLP NGN,MARKETING CODE,CALCULATION FACTOR,WEIGHT,VOLUME
X110801039,ENGINE,15686634,2LA010,2.38,560,21.84
X110801040,ENGINE,18455124,2LA010,2.38,642,23.52
X110801041,ENGINE,15686634,2LA010,2.38,0,0
X110801042,ENGINE,15686634,2LA010,2.38,0,0
X110801043,ENGINE,19627914,2LA010,2.38,0,0
X110801044,ENGINE,15686634,2LA010,2.38,492,21.84
X110801045,ENGINE,23771712,2LA010,2.38,1032,27.84
X110801046,ENGINE,18211122,2LA010,2.38,640,21.84
X110801047,ENGINE,23771712,2LA010,2.38,1170,26.88
X110801048,ENGINE,23771712,2LA010,2.38,1150,26.88
X110801049,ENGINE,24561642,2LA010,2.38,0,0
X110801051,ENGINE,15686634,2LA010,2.38,476,24.36
X110801052,ENGINE,18577446,2LA010,2.38,674,24.36
X110801053,ENGINE,19505598,2LA010,2.38,646,21.84
X110801054,ENGINE,24195318,2LA010,2.38,1158,27.84
X110801055,ENGINE,19505598,2LA010,2.38,652,23.52
X110801056,ENGINE,18577446,2LA010,2.38,680,21.84
X110801057,ENGINE,15420930,2LA010,2.38,462,21.84
X110801058,ENGINE,15686634,2LA010,2.38,646,21.84
X110801059,ENGINE,29897304,2LA010,2.38,0,0
X110801060,ENGINE,19505598,2LA010,2.38,668,23.52
X110801061,ENGINE,18333438,2LA010,2.38,652,21.84
X110801062,ENGINE,29897304,2LA010,2.38,0,0
X110801063,ENGINE,21245622,2LA010,2.38,0,0
X110801064,ENGINE,18455124,2LA010,2.38,646,21.84
X110801065,ENGINE,15686634,2LA010,2.38,462,21.84
X110801066,ENGINE,15420930,2LA010,2.38,468,21.84
X110801067,ENGINE,19871922,2LA010,2.38,642,22.68
X110801069,ENGINE,18211122,2LA010,2.38,632,21.84
X110801070,ENGINE,29897304,2LA010,2.38,1348,27.84
X110801072,ENGINE,24138036,2LA010,2.38,0,0
X110801073,ENGINE,29897304,2LA010,2.38,0,0
X110801075,ENGINE,29897304,2LA010,2.38,1032,27.84
X110801079,ENGINE,18821448,2LA010,2.38,0,0
X110801082,ENGINE,19871922,2LA010,2.38,0,0
X110801083,ENGINE,21611946,2LA010,2.38,1036,26.88
X110801084,ENGINE,18211122,2LA010,2.38,0,0
X110801085,ENGINE,18455124,2LA010,2.38,0,0
X110801086,ENGINE,18211122,2LA010,2.38,0,0
X110801087,ENGINE,18821448,2LA010,2.38,666,21.84
X110801088,ENGINE,18455124,2LA010,2.38,0,0
X110801089,ENGINE,19505598,2LA010,2.38,656,21.84
X110801090,ENGINE,29897304,2LA010,2.38,1122,27.84
X110801092,ENGINE,18211122,2LA010,2.38,646,21.84
X110801093,ENGINE,18211122,2LA010,2.38,638,21.84
X110801094,ENGINE,18211122,2LA010,2.38,636,21.84
X110801096,ENGINE,18211122,2LA010,2.38,0,0
X110801097,ENGINE,23771712,2LA010,2.38,1184,26.88
X110801098,ENGINE,18211122,2LA010,2.38,638,21.84
X110801099,ENGINE,19505598,2LA010,2.38,654,22.68
X110801100,ENGINE,15420930,2LA010,2.38,464,21.84
X110801102,ENGINE,29897304,2LA010,2.38,1334,26.88
X110801103,ENGINE,19505598,2LA010,2.38,1198,24.96
X110801104,ENGINE,23263338,2LA010,2.38,0,0
X110801105,ENGINE,29897304,2LA010,2.38,1330,26.88
X110801108,ENGINE,29897304,2LA010,2.38,1344,26.88
X110801109,ENGINE,18455124,2LA010,2.38,644,21.84
X110801110,ENGINE,19505598,2LA010,2.38,626,21.84
X110801111,ENGINE,15420930,2LA010,2.38,470,21.84
X110801112,ENGINE,23771712,2LA010,2.38,0,0
X110801113,ENGINE,15420930,2LA010,2.38,464,21.84
X110801114,ENGINE,15420930,2LA010,2.38,0,0
X110801115,ENGINE,15420930,2LA010,2.38,0,0
X110801116,ENGINE,15543246,2LA010,2.38,0,0
X110801117,ENGINE,24195318,2LA010,2.38,0,0
X110801118,ENGINE,15543246,2LA010,2.38,0,0
X110801119,ENGINE,15543246,2LA010,2.38,0,0
X110801121,ENGINE,18211122,2LA010,2.38,642,21.84
X110801122,ENGINE,15420930,2LA010,2.38,0,0
X110801123,ENGINE,23771712,2LA010,2.38,1032,27.84
X110801124,ENGINE,24195318,2LA010,2.38,1152,28.8
X110801125,ENGINE,24195318,2LA010,2.38,1166,28.8
X110801126,ENGINE,15420930,2LA010,2.38,464,21.84
X110801128,ENGINE,18455124,2LA010,2.38,0,0
X110801129,ENGINE,19505598,2LA010,2.38,0,0
X110801130,ENGINE,24195318,2LA010,2.38,0,0
X110801131,ENGINE,24195318,2LA010,2.38,1132,26.88
X110801133,ENGINE,29897304,2LA010,2.38,0,0
X110801134,ENGINE,21245622,2LA010,2.38,0,0
X110801135,ENGINE,23771712,2LA010,2.38,0,0
X110801136,ENGINE,23263338,2LA010,2.38,0,0
X110801137,ENGINE,21245622,2LA010,2.38,0,0
X110801138,ENGINE,18211122,2LA010,2.38,0,0
X110801139,ENGINE,18455124,2LA010,2.38,0,0
X110801140,ENGINE,18211122,2LA010,2.38,0,0
X110801141,ENGINE,18455124,2LA010,2.38,0,0
X110801142,ENGINE,18455124,2LA010,2.38,0,0
X110801143,ENGINE,18211122,2LA010,2.38,0,0
X110801144,ENGINE,18455124,2LA010,2.38,0,0
X110801149,ENGINE,18211122,2LA010,2.38,638,21.84
X110801150,ENGINE,18211122,2LA010,2.38,0,0
X110801151,ENGINE,21245622,2LA010,2.38,1032,26.88
X110801153,ENGINE,29897304,2LA010,2.38,1336,28.8
X110801154,ENGINE,29897304,2LA010,2.38,1324,30.72
X110801155,ENGINE,23771712,2LA010,2.38,0,0
X110801156,ENGINE,23771712,2LA010,2.38,1178,28.8
X110801157,ENGINE,18455124,2LA010,2.38,538,21.84
X110801159,ENGINE,24195318,2LA010,2.38,0,0
X110801160,ENGINE,23771712,2LA010,2.38,0,0
X110801164,ENGINE,24195318,2LA010,2.38,1132,27.84
X110801165,ENGINE,23771712,2LA010,2.38,0,0
X110801166,ENGINE,23771712,2LA010,2.38,0,0
X110801167,ENGINE,24195318,2LA010,2.38,0,0
X110801168,ENGINE,29897304,2LA010,2.38,0,0
X110801169,ENGINE,21245622,2LA010,2.38,0,0
X110801171,ENGINE,19871922,2LA010,2.38,0,0
X110801174,ENGINE,19871922,2LA010,2.38,0,0
X110801176,ENGINE,21245622,2LA010,2.38,0,0
X110801177,ENGINE,21245622,2LA010,2.38,0,0
X110801178,ENGINE,21245622,2LA010,2.38,1010,26.88
X110801179,ENGINE,21245622,2LA010,2.38,0,0
X110801182,ENGINE,19505598,2LA010,2.38,624,23.52
X110801183,ENGINE,24195318,2LA010,2.38,0,0
X110801184,ENGINE,23771712,2LA010,2.38,1160,26.88
X110801185,ENGINE,24195318,2LA010,2.38,0,0
X110801187,ENGINE,21245622,2LA010,2.38,998,27.84
X110801188,ENGINE,21245622,2LA010,2.38,1032,27.84
X110801189,ENGINE,15686634,2LA010,2.38,486,21.84
X110801190,ENGINE,21245622,2LA010,2.38,0,0
X110801191,ENGINE,15686634,2LA010,2.38,750,21.84
X110801193,ENGINE,20737248,2LA010,2.38,0,0
X110801194,ENGINE,15686634,2LA010,2.38,488,21.84
X110801195,ENGINE,25504254,2LA010,2.38,1164,26.88
X110801196,ENGINE,21245622,2LA010,2.38,0,0
X110801197,ENGINE,18211122,2LA010,2.38,640,22.68
X110801198,ENGINE,18211122,2LA010,2.38,638,22.68
X110801199,ENGINE,18211122,2LA010,2.38,0,0
X110801200,ENGINE,19871922,2LA010,2.38,0,0
X110801201,ENGINE,18577446,2LA010,2.38,662,21.84
X110801206,ENGINE,21245622,2LA010,2.38,1142,27.84
X110801208,ENGINE,23771712,2LA010,2.38,1132,26.88
X110801211,ENGINE,23771712,2LA010,2.38,0,0
X110801212,ENGINE,23771712,2LA010,2.38,1032,27.84
X110801213,ENGINE,15420930,2LA010,2.38,470,21.84
X110801214,ENGINE,23771712,2LA010,2.38,0,0
X110801215,ENGINE,23771712,2LA010,2.38,1164,25.92
X110801216,ENGINE,19200642,2LA010,2.38,628,21.84
X110801217,ENGINE,18455124,2LA010,2.38,0,0
X110801218,ENGINE,24195318,2LA010,2.38,0,0
X110801219,ENGINE,18211122,2LA010,2.38,640,21.84
X110801220,ENGINE,24195318,2LA010,2.38,0,0
X110801222,ENGINE,18211122,2LA010,2.38,640,21.84
X110801223,ENGINE,15420930,2LA010,2.38,0,0
X110801224,ENGINE,21245622,2LA010,2.38,1014,26.88
X110801225,ENGINE,19871922,2LA010,2.38,652,21.84
X110801226,ENGINE,15420930,2LA010,2.38,0,0
X110801227,ENGINE,21245622,2LA010,2.38,1004,25.92
X110801228,ENGINE,21245622,2LA010,2.38,0,0
X110801229,ENGINE,18211122,2LA010,2.38,0,0
X110801230,ENGINE,15420930,2LA010,2.38,470,21.84
X110801231,ENGINE,23771712,2LA010,2.38,0,0
X110801232,ENGINE,24195318,2LA010,2.38,0,0
X110801233,ENGINE,23771712,2LA010,2.38,1166,28.8
X110801235,ENGINE,18211122,2LA010,2.38,634,21.84
X110801236,ENGINE,23771712,2LA010,2.38,1148,28.8
X110801237,ENGINE,15808950,2LA010,2.38,0,0
X110801238,ENGINE,21245622,2LA010,2.38,1006,27.264
X110801239,ENGINE,18211122,2LA010,2.38,0,0
X110801240,ENGINE,21245622,2LA010,2.38,1000,28.8
X110801242,ENGINE,19261596,2LA010,2.38,666,21.84
X110801243,ENGINE,19261596,2LA010,2.38,0,0
X110801244,ENGINE,19505598,2LA010,2.38,658,21.84
X110801246,ENGINE,19505598,2LA010,2.38,0,0
X110801251,ENGINE,15686634,2LA010,2.38,484,22.68
X110801252,ENGINE,15686634,2LA010,2.38,486,22.68
X110801253,ENGINE,15686634,2LA010,2.38,558,23.52
X110801254,ENGINE,15686634,2LA010,2.38,0,0
X110801256,ENGINE,21245622,2LA010,2.38,1022,28.8
X110801257,ENGINE,21245622,2LA010,2.38,0,0
X110801263,ENGINE,19505598,2LA010,2.38,642,21.84
X110801264,ENGINE,23771712,2LA010,2.38,1196,28.8
X110801265,ENGINE,18211122,2LA010,2.38,642,21.84
X110801266,ENGINE,21611946,2LA010,2.38,0,0
X110801267,ENGINE,23771712,2LA010,2.38,1132,27.84
X110801268,ENGINE,21245622,2LA010,2.38,0,0
X110801271,ENGINE,21245622,2LA010,2.38,0,0
X110801272,ENGINE,21245622,2LA010,2.38,1016,28.8
X110801273,ENGINE,18211122,2LA010,2.38,0,0
X110801274,ENGINE,18455124,2LA010,2.38,0,0
X110801275,ENGINE,18455124,2LA010,2.38,656,23.52
X110801276,ENGINE,21245622,2LA010,2.38,0,0
X110801277,ENGINE,18211122,2LA010,2.38,0,0
X110801278,ENGINE,18211122,2LA010,2.38,0,0
X110801279,ENGINE,18211122,2LA010,2.38,0,0
X110801280,ENGINE,18455124,2LA010,2.38,0,0
X110801281,ENGINE,18455124,2LA010,2.38,0,0
X110801282,ENGINE,21245622,2LA010,2.38,0,0
X110801283,ENGINE,21245622,2LA010,2.38,0,0
X110801284,ENGINE,18455124,2LA010,2.38,639,21.84
X110801286,ENGINE,18821448,2LA010,2.38,0,0
X110801287,ENGINE,19505598,2LA010,2.38,0,0
X110801288,ENGINE,19871922,2LA010,2.38,0,0
X110801290,ENGINE,18455124,2LA010,2.38,0,0
X110801291,ENGINE,18455124,2LA010,2.38,0,0
X110801292,ENGINE,18455124,2LA010,2.38,640,21.84
X110801294,ENGINE,18333438,2LA010,2.38,0,0
X110801295,ENGINE,18333438,2LA010,2.38,0,0
X110801296,ENGINE,18333438,2LA010,2.38,0,0
X110801297,ENGINE,21245622,2LA010,2.38,0,0
X110801300,ENGINE,24195318,2LA010,2.38,0,0
X110801309,ENGINE,24195318,2LA010,2.38,0,0
X110801313,ENGINE,21245622,2LA010,2.38,1132,27.84
X110801314,ENGINE,23771712,2LA010,2.38,1144,26.88
X110801315,ENGINE,21245622,2LA010,2.38,0,0
X110801316,ENGINE,18577446,2LA010,2.38,0,0
X110801317,ENGINE,18577446,2LA010,2.38,672,21.84
X110801318,ENGINE,21245622,2LA010,2.38,1440,0
X110801319,ENGINE,21245622,2LA010,2.38,0,0
X110801320,ENGINE,24195318,2LA010,2.38,1164,28.8
X110801322,ENGINE,18211122,2LA010,2.38,642,21.84
X110801323,ENGINE,24195318,2LA010,2.38,0,0
X110801324,ENGINE,23771712,2LA010,2.38,1166,28.8
X110801325,ENGINE,18577446,2LA010,2.38,658,21.84
X110801326,ENGINE,18577446,2LA010,2.38,0,0
X110801327,ENGINE,18821448,2LA010,2.38,664,23.52
X110801328,ENGINE,24195318,2LA010,2.38,0,0
X110801329,ENGINE,23771712,2LA010,2.38,1148,26.88
X110801330,ENGINE,23771712,2LA010,2.38,1166,28.8
X110801331,ENGINE,23771712,2LA010,2.38,1198,28.8
X110801333,ENGINE,25504254,2LA010,2.38,1160,27.84
X110801334,ENGINE,23771712,2LA010,2.38,0,0
X110801336,ENGINE,23771712,2LA010,2.38,0,0
X110801337,ENGINE,15420930,2LA010,2.38,468,21.84
X110801338,ENGINE,15420930,2LA010,2.38,0,0
X110801339,ENGINE,21245622,2LA010,2.38,0,0
X110801340,ENGINE,21245622,2LA010,2.38,0,0
X110801341,ENGINE,24195318,2LA010,2.38,0,0
X110801342,ENGINE,19505598,2LA010,2.38,0,0
X110801346,ENGINE,15686634,2LA010,2.38,0,0
X110801347,ENGINE,23771712,2LA010,2.38,0,0
X110801348,ENGINE,23771712,2LA010,2.38,1182,26.88
X110801349,ENGINE,21245622,2LA010,2.38,0,0
X110801351,ENGINE,19200642,2LA010,2.38,614,21.84
X110801352,ENGINE,23771712,2LA010,2.38,1190,26.88
X110801353,ENGINE,24195318,2LA010,2.38,1178,27.84
X110801354,ENGINE,23771712,2LA010,2.38,0,0
X110801355,ENGINE,23771712,2LA010,2.38,0,0
X110801356,ENGINE,21245622,2LA010,2.38,0,0
X110801357,ENGINE,23771712,2LA010,2.38,1154,26.88
X110801358,ENGINE,21245622,2LA010,2.38,1030,27.84
X110801359,ENGINE,23771712,2LA010,2.38,1158,26.88
X110801360,ENGINE,23771712,2LA010,2.38,1132,26.88
X110801361,ENGINE,24195318,2LA010,2.38,0,0
X110801362,ENGINE,15686634,2LA010,2.38,0,0
X110801363,ENGINE,14799528,2LA010,2.38,484,22.68
X110801365,ENGINE,15420930,2LA010,2.38,468,21.84
X110801366,ENGINE,15420930,2LA010,2.38,0,0
X110801367,ENGINE,15420930,2LA010,2.38,0,0
X110801368,ENGINE,15420930,2LA010,2.38,480,23.52
X110801369,ENGINE,15053940,2LA010,2.38,0,0
X110801370,ENGINE,15053940,2LA010,2.38,0,0
X110801371,ENGINE,15053940,2LA010,2.38,0,0
X110801372,ENGINE,15686634,2LA010,2.38,0,0
X110801373,ENGINE,15053940,2LA010,2.38,0,0
X110801374,ENGINE,29897304,2LA010,2.38,0,0
X110801375,ENGINE,21245622,2LA010,2.38,1014,27.84
X110801376,ENGINE,21245622,2LA010,2.38,0,0
X110801377,ENGINE,21245622,2LA010,2.38,1008,26.88
X110801378,ENGINE,20198802,2LA010,2.38,1016,27.84
X110801379,ENGINE,21245622,2LA010,2.38,0,0
X110801380,ENGINE,18211122,2LA010,2.38,634,21.84
X110801381,ENGINE,18211122,2LA010,2.38,0,0
X110801382,ENGINE,24195318,2LA010,2.38,0,0
X110801383,ENGINE,15686634,2LA010,2.38,506,23.52
X110801384,ENGINE,24195318,2LA010,2.38,1166,28.8
X110801385,ENGINE,19505598,2LA010,2.38,688,23.52
X110801386,ENGINE,19871922,2LA010,2.38,696,21.84
X110801387,ENGINE,15420930,2LA010,2.38,478,21.84
X110801389,ENGINE,15686634,2LA010,2.38,484,21.84
X110801390,ENGINE,18211122,2LA010,2.38,0,0
X110801391,ENGINE,18211122,2LA010,2.38,634,21.84
X110801392,ENGINE,18333438,2LA010,2.38,0,0
X110801393,ENGINE,18211122,2LA010,2.38,0,0
X110801394,ENGINE,18455124,2LA010,2.38,640,23.52
X110801396,ENGINE,18455124,2LA010,2.38,642,21.84
X110801397,ENGINE,15686634,2LA010,2.38,504,21.84
X110801398,ENGINE,18211122,2LA010,2.38,636,23.52
X110801399,ENGINE,23771712,2LA010,2.38,1168,28.8
X110801400,ENGINE,18455124,2LA010,2.38,0,0
X110801401,ENGINE,18333438,2LA010,2.38,0,0
X110801402,ENGINE,19505598,2LA010,2.38,0,0
X110801403,ENGINE,19505598,2LA010,2.38,656,21.84
X110801404,ENGINE,21245622,2LA010,2.38,1024,27.84
X110801405,ENGINE,18577446,2LA010,2.38,0,0
X110801406,ENGINE,29897304,2LA010,2.38,1032,27.84
X110801407,ENGINE,29388930,2LA010,2.38,0,0
X110801408,ENGINE,21611946,2LA010,2.38,0,0
X110801409,ENGINE,23771712,2LA010,2.38,0,0
X110801410,ENGINE,18333438,2LA010,2.38,0,0
X110801411,ENGINE,18577440,2LA010,2.38,0,0
X110801412,ENGINE,18577446,2LA010,2.38,664,21.84
X110801413,ENGINE,18821448,2LA010,2.38,0,0
X110801414,ENGINE,18577446,2LA010,2.38,0,0
X110801415,ENGINE,21611946,2LA010,2.38,0,0
X110801416,ENGINE,24195318,2LA010,2.38,0,0
X110801417,ENGINE,19200642,2LA010,2.38,620,22.68
X110801418,ENGINE,19871922,2LA010,2.38,0,0
X110801419,ENGINE,23771712,2LA010,2.38,0,0
X110801420,ENGINE,24195318,2LA010,2.38,0,0
X110801421,ENGINE,24195318,2LA010,2.38,1146,28.8
X110801422,ENGINE,21245622,2LA010,2.38,0,0
X110801423,ENGINE,23771712,2LA010,2.38,1166,28.8
X110801424,ENGINE,18577446,2LA010,2.38,668,23.52
X110801425,ENGINE,18577446,2LA010,2.38,664,23.52
X110801426,ENGINE,18577446,2LA010,2.38,662,23.52
X110801427,ENGINE,18211122,2LA010,2.38,636,23.52
X110801428,ENGINE,18211122,2LA010,2.38,638,23.52
X110801429,ENGINE,18455124,2LA010,2.38,642,23.52
X110801430,ENGINE,24561642,2LA010,2.38,1190,26.88
X110801433,ENGINE,21245622,2LA010,2.38,1018,25.92
X110801437,ENGINE,18211122,2LA010,2.38,636,21.84
X110801438,ENGINE,18211122,2LA010,2.38,678,21.84
X110801439,ENGINE,19401198,2LA010,2.38,644,23.52
X110801440,ENGINE,21245622,2LA010,2.38,0,0
X110801441,ENGINE,21245622,2LA010,2.38,0,0
X110801442,ENGINE,23771712,2LA010,2.38,0,0
X110801445,ENGINE,23771712,2LA010,2.38,1170,27.84
X110801448,ENGINE,29897304,2LA010,2.38,0,0
X110801451,ENGINE,23771712,2LA010,2.38,1190,28.8
X110801453,ENGINE,19505598,2LA010,2.38,678,21.84
X110801457,ENGINE,29388930,2LA010,2.38,1346,26.88
X110801458,ENGINE,15420930,2LA010,2.38,470,23.52
X110801459,ENGINE,15420930,2LA010,2.38,468,23.52
X110801460,ENGINE,15686634,2LA010,2.38,484,21.84
X110801462,ENGINE,19871922,2LA010,2.38,0,0
X110801463,ENGINE,19871922,2LA010,2.38,0,0
X110801464,ENGINE,19871922,2LA010,2.38,0,0
X110801465,ENGINE,19871922,2LA010,2.38,0,0
X110801466,ENGINE,19871922,2LA010,2.38,0,0
X110801467,ENGINE,19871922,2LA010,2.38,0,0
X110801468,ENGINE,21245622,2LA010,2.38,1008,28.8
X110801469,ENGINE,19871922,2LA010,2.38,650,21.84
X110801470,ENGINE,23771712,2LA010,2.38,0,0
X110801471,ENGINE,29897304,2LA010,2.38,1338,30.72
X110801472,ENGINE,29897304,2LA010,2.38,0,0
X110801473,ENGINE,19505598,2LA010,2.38,0,0
X110801474,ENGINE,24195318,2LA010,2.38,1014,27.84
X110801475,ENGINE,24195318,2LA010,2.38,0,0
X110801476,ENGINE,19505598,2LA010,2.38,654,23.52
X110801477,ENGINE,19871922,2LA010,2.38,646,23.52
X110801478,ENGINE,29897304,2LA010,2.38,1326,26.496
X110801479,ENGINE,29897304,2LA010,2.38,1340,27.84
X110801480,ENGINE,24195318,2LA010,2.38,1150,26.496
X110801481,ENGINE,15420930,2LA010,2.38,0,0
X110801482,ENGINE,15686634,2LA010,2.38,484,21.84
X110801483,ENGINE,15686634,2LA010,2.38,488,21.84
X110801484,ENGINE,29897304,2LA010,2.38,1352,26.88
X110801485,ENGINE,29897304,2LA010,2.38,1332,30.72
X110801486,ENGINE,21245622,2LA010,2.38,1020,26.496
X110801487,ENGINE,23771712,2LA010,2.38,1092,27.84
X110801488,ENGINE,21245622,2LA010,2.38,1160,27.84
X110801489,ENGINE,29897304,2LA010,2.38,0,0
X110801490,ENGINE,29897304,2LA010,2.38,0,0
X110801491,ENGINE,24195318,2LA010,2.38,1148,26.88
X110801492,ENGINE,29897304,2LA010,2.38,0,0
X110801493,ENGINE,25504254,2LA010,2.38,0,0
X110801494,ENGINE,23466756,2LA010,2.38,0,0
X110801496,ENGINE,15686634,2LA010,2.38,0,0
X110801497,ENGINE,23771712,2LA010,2.38,0,0
X110801498,ENGINE,23771712,2LA010,2.38,0,0
X110801499,ENGINE,21245622,2LA010,2.38,1016,28.8
X110801501,ENGINE,23771712,2LA010,2.38,1132,27.84
X110801502,ENGINE,21245622,2LA010,2.38,1016,27.84
X110801503,ENGINE,15808950,2LA010,2.38,494,23.52
X110801504,ENGINE,23771712,2LA010,2.38,1132,27.84
X110801505,ENGINE,24195318,2LA010,2.38,0,0
X110801506,ENGINE,23771712,2LA010,2.38,0,0
X110801508,ENGINE,23771712,2LA010,2.38,1146,31.232
X110801509,ENGINE,19261596,2LA010,2.38,662,23.52
X110801510,ENGINE,23771712,2LA010,2.38,1032,27.84
X110801511,ENGINE,18577446,2LA010,2.38,662,23.52
X110801512,ENGINE,24195318,2LA010,2.38,0,0
X110801513,ENGINE,18211122,2LA010,2.38,480,21.84
X110801514,ENGINE,18211122,2LA010,2.38,644,23.52
X110801515,ENGINE,18333438,2LA010,2.38,650,23.52
X110801517,ENGINE,29897304,2LA010,2.38,0,0
X110801518,ENGINE,30263628,2LA010,2.38,0,0
X110801519,ENGINE,29897304,2LA010,2.38,1314,27.84
X110801520,ENGINE,19871922,2LA010,2.38,646,21.84
X110801521,ENGINE,15420930,2LA010,2.38,464,21.84
X110801522,ENGINE,15420930,2LA010,2.38,464,21.84
X110801524,ENGINE,15686634,2LA010,2.38,0,0
X110801525,ENGINE,16052958,2LA010,2.38,0,0
X110801526,ENGINE,15808950,2LA010,2.38,0,0
X110801527,ENGINE,15808950,2LA010,2.38,0,0
X110801528,ENGINE,16175274,2LA010,2.38,0,0
X110801529,ENGINE,15686634,2LA010,2.38,478,21.84
X110801530,ENGINE,15686634,2LA010,2.38,0,0
X110801531,ENGINE,18211122,2LA010,2.38,0,0
X110801532,ENGINE,18211122,2LA010,2.38,0,0
X110801533,ENGINE,18211122,2LA010,2.38,638,23.52
X110801534,ENGINE,18577446,2LA010,2.38,746,23.52
X110801535,ENGINE,18577446,2LA010,2.38,0,0
X110801536,ENGINE,18577446,2LA010,2.38,0,0
X110801537,ENGINE,18333438,2LA010,2.38,666,21.84
X110801538,ENGINE,18333438,2LA010,2.38,0,0
X110801539,ENGINE,18333438,2LA010,2.38,678,21.84
X110801540,ENGINE,19261596,2LA010,2.38,646,21.84
X110801541,ENGINE,15420930,2LA010,2.38,464,21.84
X110801543,ENGINE,18821448,2LA010,2.38,0,0
X110801544,ENGINE,20737248,2LA010,2.38,0,0
X110801545,ENGINE,20737248,2LA010,2.38,0,0
X110801546,ENGINE,23263338,2LA010,2.38,1158,25.92
X110801547,ENGINE,23263338,2LA010,2.38,1164,26.88
X110801548,ENGINE,18455124,2LA010,2.38,646,21.84
X110801549,ENGINE,18211122,2LA010,2.38,0,0
X110801550,ENGINE,18211122,2LA010,2.38,0,0
X110801551,ENGINE,18211122,2LA010,2.38,642,23.52
X110801552,ENGINE,18211122,2LA010,2.38,0,0
X110801553,ENGINE,18455124,2LA010,2.38,0,0
X110801554,ENGINE,18455124,2LA010,2.38,678,21.84
X110801555,ENGINE,18211122,2LA010,2.38,0,0
X110801556,ENGINE,18211122,2LA010,2.38,0,0
X110801557,ENGINE,18455124,2LA010,2.38,0,0
X110801558,ENGINE,19505598,2LA010,2.38,678,21.84
X110801559,ENGINE,18455124,2LA010,2.38,0,0
X110801560,ENGINE,22478442,2LA010,2.38,658,24.36
X110801561,ENGINE,15420930,2LA010,2.38,468,21.84
X110801562,ENGINE,19505598,2LA010,2.38,736,21.84
X110801563,ENGINE,29388930,2LA010,2.38,0,0
X110801564,ENGINE,29388930,2LA010,2.38,0,0
X110801566,ENGINE,23771712,2LA010,2.38,0,0
X110801567,ENGINE,23771712,2LA010,2.38,0,0
X110801568,ENGINE,23686944,2LA010,2.38,0,0
X110801569,ENGINE,23263338,2LA010,2.38,0,0
X110801570,ENGINE,15686634,2LA010,2.38,488,21.84
X110801571,ENGINE,18455124,2LA010,2.38,640,21.84
X110801573,ENGINE,19871922,2LA010,2.38,690,21.84
X110801574,ENGINE,29897304,2LA010,2.38,0,0
X110801575,ENGINE,21245622,2LA010,2.38,1048,25.92
X110801577,ENGINE,21245622,2LA010,2.38,1024,23.52
X110801578,ENGINE,15808950,2LA010,2.38,0,0
X110801579,ENGINE,23771712,2LA010,2.38,1146,26.88
X110801581,ENGINE,15686634,2LA010,2.38,488,21.84
X110801582,ENGINE,15808950,2LA010,2.38,576,21.84
X110801583,ENGINE,21367938,2LA010,2.38,0,0
X110801584,ENGINE,21245622,2LA010,2.38,0,0
X110801585,ENGINE,24195318,2LA010,2.38,1150,26.88
X110801586,ENGINE,21611946,2LA010,2.38,1034,26.88
X110801588,ENGINE,29897304,2LA010,2.38,1132,27.84
X110801589,ENGINE,21245622,2LA010,2.38,0,0
X110801590,ENGINE,29897304,2LA010,2.38,0,0
X110801591,ENGINE,29388930,2LA010,2.38,0,0
X110801592,ENGINE,19505598,2LA010,2.38,656,21.84
X110801593,ENGINE,29897304,2LA010,2.38,1132,27.84
X110801594,ENGINE,18577446,2LA010,2.38,0,0
X110801595,ENGINE,18577446,2LA010,2.38,0,0
X110801596,ENGINE,18577446,2LA010,2.38,0,0
X110801597,ENGINE,18333438,2LA010,2.38,0,0
X110801598,ENGINE,18577440,2LA010,2.38,0,0
X110801599,ENGINE,18577440,2LA010,2.38,0,0
X110801600,ENGINE,19505598,2LA010,2.38,656,23.52
X110801601,ENGINE,19505598,2LA010,2.38,738,21.84
X110801602,ENGINE,19505598,2LA010,2.38,0,0
X110801606,ENGINE,18821448,2LA010,2.38,658,23.52
X110801607,ENGINE,19505598,2LA010,2.38,736,21.84
X110801608,ENGINE,19505598,2LA010,2.38,678,23.52
X110801609,ENGINE,19871922,2LA010,2.38,0,0
X110801610,ENGINE,19871922,2LA010,2.38,692,21.84
X110801611,ENGINE,19871922,2LA010,2.38,0,0
X110801612,ENGINE,19871922,2LA010,2.38,0,0
X110801613,ENGINE,29897304,2LA010,2.38,1132,27.84
X110801614,ENGINE,23771712,2LA010,2.38,1032,27.84
X110801615,ENGINE,27914154,2LA010,2.38,0,0
X110801616,ENGINE,21245622,2LA010,2.38,0,0
X110801617,ENGINE,21245622,2LA010,2.38,0,0
X110801618,ENGINE,15686634,2LA010,2.38,458,21.84
X110801619,ENGINE,29388930,2LA010,2.38,1314,27.84
X110801620,ENGINE,24195318,2LA010,2.38,0,0
X110801621,ENGINE,18821448,2LA010,2.38,738,21.84
X110801622,ENGINE,23771712,2LA010,2.38,0,0
X110801623,ENGINE,19871922,2LA010,2.38,738,21.84
X110801624,ENGINE,19871922,2LA010,2.38,0,0
X110801625,ENGINE,21245622,2LA010,2.38,0,0
X110801626,ENGINE,19505598,2LA010,2.38,0,0
X110801627,ENGINE,19505598,2LA010,2.38,0,0
X110801628,ENGINE,19505598,2LA010,2.38,0,0
X110801629,ENGINE,29897304,2LA010,2.38,1346,25.92
X110801630,ENGINE,18455124,2LA010,2.38,640,21.84
X110801631,ENGINE,24195318,2LA010,2.38,1172,25.92
X110801632,ENGINE,29897304,2LA010,2.38,1322,25.92
X110801633,ENGINE,23771712,2LA010,2.38,1186,25.92
X110801634,ENGINE,29897304,2LA010,2.38,1350,25.92
X110801635,ENGINE,29897304,2LA010,2.38,1346,27.84
X110801636,ENGINE,24195318,2LA010,2.38,0,0
X110801637,ENGINE,24195318,2LA010,2.38,1148,25.92
X110801638,ENGINE,23771712,2LA010,2.38,1222,26.88
X110801639,ENGINE,19261596,2LA010,2.38,666,21.84
X110801640,ENGINE,21245622,2LA010,2.38,0,0
X110801641,ENGINE,25504254,2LA010,2.38,1170,25.92
X110801642,ENGINE,29388930,2LA010,2.38,0,0
X110801643,ENGINE,18455124,2LA010,2.38,640,21.84
X110801644,ENGINE,29897304,2LA010,2.38,0,0
X110801645,ENGINE,18211122,2LA010,2.38,638,23.52
X110801646,ENGINE,21245622,2LA010,2.38,1054,28.8
X110801647,ENGINE,21245622,2LA010,2.38,0,0
X110801648,ENGINE,21245622,2LA010,2.38,1014,28.8
X110801649,ENGINE,23771712,2LA010,2.38,1132,27.84
X110801650,ENGINE,24195318,2LA010,2.38,1156,27.84
X110801651,ENGINE,21245622,2LA010,2.38,1006,28.8
X110801652,ENGINE,18455124,2LA010,2.38,758,23.52
X110801653,ENGINE,29388930,2LA010,2.38,1324,25.92
X110801654,ENGINE,29897304,2LA010,2.38,1322,26.88
X110801655,ENGINE,15543246,2LA010,2.38,0,0
X110801656,ENGINE,15543246,2LA010,2.38,472,21.84
X110801657,ENGINE,21245622,2LA010,2.38,0,0
X110801658,ENGINE,21245622,2LA010,2.38,0,0
X110801659,ENGINE,23771712,2LA010,2.38,1156,25.92
X110801660,ENGINE,19871922,2LA010,2.38,694,22.68
X110801661,ENGINE,24195318,2LA010,2.38,0,0
X110801662,ENGINE,18211122,2LA010,2.38,638,22.68
X110801663,ENGINE,21245622,2LA010,2.38,1130,27.84
X110801664,ENGINE,29897304,2LA010,2.38,1318,28.8
X110801665,ENGINE,18455124,2LA010,2.38,740,21.84
X110801666,ENGINE,24195318,2LA010,2.38,0,0
X110801667,ENGINE,24195318,2LA010,2.38,1130,27.84
X110801668,ENGINE,18211122,2LA010,2.38,636,23.52
X110801669,ENGINE,21245622,2LA010,2.38,1008,28.8
X110801670,ENGINE,21245622,2LA010,2.38,0,0
X110801671,ENGINE,21245622,2LA010,2.38,1018,28.8
X110801672,ENGINE,21245622,2LA010,2.38,1132,27.84
X110801673,ENGINE,24195318,2LA010,2.38,1132,27.84
X110801674,ENGINE,21245622,2LA010,2.38,740,26.88
X110801675,ENGINE,24195318,2LA010,2.38,1202,28.8
X110801676,ENGINE,23771712,2LA010,2.38,1132,27.84
X110801677,ENGINE,24195318,2LA010,2.38,1144,30.72
X110801678,ENGINE,29897304,2LA010,2.38,1326,30.72
X110801679,ENGINE,20737248,2LA010,2.38,0,0
X110801680,ENGINE,20737248,2LA010,2.38,0,0
X110801681,ENGINE,29388930,2LA010,2.38,0,0
X110801682,ENGINE,23263338,2LA010,2.38,1154,27.84
X110801683,ENGINE,23771712,2LA010,2.38,1162,27.84
X110801684,ENGINE,23263338,2LA010,2.38,0,0
X110801685,ENGINE,21245622,2LA010,2.38,0,0
X110801686,ENGINE,21245622,2LA010,2.38,0,0
X110801687,ENGINE,21245622,2LA010,2.38,0,0
X110801688,ENGINE,21245622,2LA010,2.38,1002,25.92
X110801689,ENGINE,24195318,2LA010,2.38,1182,28.8
X110801690,ENGINE,23263338,2LA010,2.38,1158,28.8
X110801691,ENGINE,24195318,2LA010,2.38,1160,28.8
X110801692,ENGINE,15686634,2LA010,2.38,488,21.84
X110801693,ENGINE,18211122,2LA010,2.38,638,22.68
X110801694,ENGINE,23263338,2LA010,2.38,1152,30.72
X110801695,ENGINE,18211122,2LA010,2.38,0,0
X110801696,ENGINE,21245622,2LA010,2.38,0,0
X110801697,ENGINE,15543246,2LA010,2.38,0,0
X110801698,ENGINE,15543246,2LA010,2.38,0,0
X110801699,ENGINE,15543246,2LA010,2.38,570,18.5024
X110801700,ENGINE,15543246,2LA010,2.38,0,0
X110801701,ENGINE,24561642,2LA010,2.38,1166,27.84
X110801702,ENGINE,18211122,2LA010,2.38,636,22.68
X110801703,ENGINE,23771712,2LA010,2.38,1204,26.88
X110801704,ENGINE,24195318,2LA010,2.38,1172,26.88
X110801705,ENGINE,21245622,2LA010,2.38,1024,26.88
X110801706,ENGINE,23263338,2LA010,2.38,1160,27.84
X110801707,ENGINE,21367938,2LA010,2.38,1132,27.84
X110801708,ENGINE,21245622,2LA010,2.38,0,0
X110801710,ENGINE,19505598,2LA010,2.38,674,21.84
X110801711,ENGINE,23771712,2LA010,2.38,0,0
X110801712,ENGINE,24195318,2LA010,2.38,0,0
X110801713,ENGINE,18821448,2LA010,2.38,680,21.84
X110801714,ENGINE,23771712,2LA010,2.38,1192,32.944
X110801715,ENGINE,19261596,2LA010,2.38,668,21.84
X110801716,ENGINE,24195318,2LA010,2.38,0,0
X110801717,ENGINE,24195318,2LA010,2.38,1146,28.8
X110801718,ENGINE,19505598,2LA010,2.38,662,26.88
X110801719,ENGINE,23771712,2LA010,2.38,1132,27.84
X110801720,ENGINE,23771712,2LA010,2.38,0,0
X110801721,ENGINE,21245622,2LA010,2.38,0,0
X110801722,ENGINE,21245622,2LA010,2.38,1026,28.8
X110801723,ENGINE,29897304,2LA010,2.38,0,0
X110801724,ENGINE,21245622,2LA010,2.38,1012,25.92
X110801725,ENGINE,29897304,2LA010,2.38,1336,25.92
X110801726,ENGINE,23771712,2LA010,2.38,1166,27.84
X110801727,ENGINE,23771712,2LA010,2.38,1166,27.84
X110801728,ENGINE,21245622,2LA010,2.38,1166,27.84
X110801730,ENGINE,21245622,2LA010,2.38,1026,27.84
X110801731,ENGINE,23686944,2LA010,2.38,0,0
X110801732,ENGINE,21245622,2LA010,2.38,1026,27.84
X110801733,ENGINE,23771712,2LA010,2.38,0,0
X110801734,ENGINE,18333438,2LA010,2.38,654,21.84
X110801735,ENGINE,20737248,2LA010,2.38,0,0
X110801736,ENGINE,20737248,2LA010,2.38,0,0
X110801737,ENGINE,21103572,2LA010,2.38,0,0
X110801738,ENGINE,18211122,2LA010,2.38,636,23.52
X110801739,ENGINE,21245622,2LA010,2.38,0,0
X110801740,ENGINE,19505598,2LA010,2.38,0,0
X110801741,ENGINE,21245622,2LA010,2.38,990,28.8
X110801742,ENGINE,19505598,2LA010,2.38,662,26.88
X110801743,ENGINE,21245622,2LA010,2.38,1018,28.8
X110801744,ENGINE,19871922,2LA010,2.38,658,23.52
X110801745,ENGINE,21245622,2LA010,2.38,1012,28.8
X110801746,ENGINE,15420930,2LA010,2.38,466,23.52
X110801747,ENGINE,29897304,2LA010,2.38,1324,28.8
X110801748,ENGINE,20737248,2LA010,2.38,0,0
X110801749,ENGINE,24195318,2LA010,2.38,1172,28.8
X110801750,ENGINE,21245622,2LA010,2.38,1014,30.72
X110801751,ENGINE,29897304,2LA010,2.38,1354,26.88
X110801752,ENGINE,18211122,2LA010,2.38,636,23.52
X110801753,ENGINE,29897304,2LA010,2.38,0,0
X110801754,ENGINE,18577446,2LA010,2.38,670,23.52
X110801755,ENGINE,15686634,2LA010,2.38,564,21.84
X110801756,ENGINE,20737248,2LA010,2.38,1132,27.84
X110801757,ENGINE,23771712,2LA010,2.38,1166,30.72
X110801758,ENGINE,21245622,2LA010,2.38,0,0
X110801759,ENGINE,24195318,2LA010,2.38,1152,26.88
X110801760,ENGINE,24195318,2LA010,2.38,1150,28.8
X110801761,ENGINE,23771712,2LA010,2.38,1152,30.72
X110801762,ENGINE,24195318,2LA010,2.38,0,0
X110801763,ENGINE,24195318,2LA010,2.38,1174,28.8
X110801764,ENGINE,29897304,2LA010,2.38,1366,27.84
X110801765,ENGINE,23771712,2LA010,2.38,1150,28.8
X110801766,ENGINE,19261596,2LA010,2.38,662,23.52
X110801767,ENGINE,15420930,2LA010,2.38,468,23.52
X110801768,ENGINE,15420930,2LA010,2.38,486,21.84
X110801770,ENGINE,21245622,2LA010,2.38,0,0
X110801771,ENGINE,23263338,2LA010,2.38,0,0
X110801772,ENGINE,23771712,2LA010,2.38,0,0
X110801773,ENGINE,23771712,2LA010,2.38,0,0
X110801774,ENGINE,18455124,2LA010,2.38,640,21.84
X110801775,ENGINE,29897304,2LA010,2.38,1352,28.8
X110801776,ENGINE,18211122,2LA010,2.38,740,21.84
X110801777,ENGINE,23771712,2LA010,2.38,0,0
X110801778,ENGINE,23771712,2LA010,2.38,0,0
X110801780,ENGINE,21245622,2LA010,2.38,1014,28.8
X110801781,ENGINE,24195318,2LA010,2.38,1152,28.8
X110801782,ENGINE,23263338,2LA010,2.38,1154,28.8
X110801785,ENGINE,23771712,2LA010,2.38,1164,26.88
X110801787,ENGINE,19871922,2LA010,2.38,650,21.84
X110801788,ENGINE,23771712,2LA010,2.38,1152,28.8
X110801789,ENGINE,30263628,2LA010,2.38,0,0
X110801790,ENGINE,18211122,2LA010,2.38,640,23.52
X110801792,ENGINE,24195318,2LA010,2.38,0,0
X110801793,ENGINE,24195318,2LA010,2.38,1182,28.8
X110801794,ENGINE,29897304,2LA010,2.38,1321,28.8
X110801795,ENGINE,24195318,2LA010,2.38,0,0
X110801796,ENGINE,24195318,2LA010,2.38,0,0
X110801797,ENGINE,24195318,2LA010,2.38,1188,28.8
X110801799,ENGINE,24195318,2LA010,2.38,0,0
X110801800,ENGINE,24195318,2LA010,2.38,1146,28.8
X110801801,ENGINE,19627920,2LA010,2.38,0,0
X110801802,ENGINE,23771712,2LA010,2.38,1152,28.8
X110801803,ENGINE,21245622,2LA010,2.38,0,0
X110801804,ENGINE,21245622,2LA010,2.38,1036,26.88
X110801805,ENGINE,24195318,2LA010,2.38,0,0
X110801813,ENGINE,19505598,2LA010,2.38,658,23.52
X110801814,ENGINE,21245622,2LA010,2.38,0,0
X110801817,ENGINE,15420930,2LA010,2.38,470,21.84
X110801818,ENGINE,19627920,2LA010,2.38,0,0
X110801820,ENGINE,15686634,2LA010,2.38,486,23.52
X110801822,ENGINE,21245622,2LA010,2.38,0,0
X110801823,ENGINE,24195318,2LA010,2.38,1196,28.8
X110801824,ENGINE,24195318,2LA010,2.38,1110,26.88
X110801825,ENGINE,21245622,2LA010,2.38,0,0
X110801826,ENGINE,24195318,2LA010,2.38,0,0
X110801829,ENGINE,21245622,2LA010,2.38,0,0
X110801830,ENGINE,18455124,2LA010,2.38,0,0
X110801831,ENGINE,19505598,2LA010,2.38,658,22.68
X110801832,ENGINE,24195318,2LA010,2.38,1166,28.8
X110801834,ENGINE,24561642,2LA010,2.38,0,0
X110801837,ENGINE,23263338,2LA010,2.38,0,0
X110801838,ENGINE,15686634,2LA010,2.38,488,23.52
X110801839,ENGINE,24561642,2LA010,2.38,0,0
X110801840,ENGINE,24195318,2LA010,2.38,1170,26.88
X110801841,ENGINE,24195318,2LA010,2.38,1140,24.96
X110801842,ENGINE,24195318,2LA010,2.38,1154,26.88
X110801843,ENGINE,23771712,2LA010,2.38,1132,27.84
X110801844,ENGINE,15686634,2LA010,2.38,0,0
X110801845,ENGINE,15686634,2LA010,2.38,0,0
X110801846,ENGINE,15686634,2LA010,2.38,0,0
X110801847,ENGINE,15686634,2LA010,2.38,0,0
X110801848,ENGINE,23771712,2LA010,2.38,1148,27.84
X110801850,ENGINE,16052958,2LA010,2.38,0,0
X110801851,ENGINE,15808950,2LA010,2.38,0,0
X110801852,ENGINE,15808950,2LA010,2.38,0,0
X110801853,ENGINE,16175274,2LA010,2.38,0,0
X110801854,ENGINE,15686634,2LA010,2.38,486,23.52
X110801855,ENGINE,15686634,2LA010,2.38,482,23.52
X110801856,ENGINE,15420930,2LA010,2.38,0,0
X110801857,ENGINE,15420930,2LA010,2.38,0,0
X110801858,ENGINE,24561642,2LA010,2.38,0,0
X110801859,ENGINE,15787254,2LA010,2.38,0,0
X110801860,ENGINE,15543246,2LA010,2.38,0,0
X110801861,ENGINE,24561642,2LA010,2.38,0,0
X110801862,ENGINE,15543246,2LA010,2.38,0,0
X110801863,ENGINE,15543246,2LA010,2.38,0,0
X110801864,ENGINE,15420930,2LA010,2.38,468,23.52
X110801865,ENGINE,15420930,2LA010,2.38,462,21.84
X110801866,ENGINE,18211122,2LA010,2.38,644,23.52
X110801867,ENGINE,18211122,2LA010,2.38,642,23.52
X110801868,ENGINE,18211122,2LA010,2.38,638,23.52
X110801869,ENGINE,24561642,2LA010,2.38,1196,26.88
X110801870,ENGINE,15686634,2LA010,2.38,482,23.52
X110801871,ENGINE,18211122,2LA010,2.38,0,0
X110801873,ENGINE,24195318,2LA010,2.38,0,0
X110801874,ENGINE,18211122,2LA010,2.38,0,0
X110801875,ENGINE,18455124,2LA010,2.38,0,0
X110801876,ENGINE,24195318,2LA010,2.38,1170,0.2688
X110801877,ENGINE,24561642,2LA010,2.38,1140,24.96
X110801878,ENGINE,24195318,2LA010,2.38,1200,26.88
X110801879,ENGINE,18211122,2LA010,2.38,0,0
X110801880,ENGINE,18455124,2LA010,2.38,0,0
X110801881,ENGINE,18455124,2LA010,2.38,0,0
X110801882,ENGINE,19261596,2LA010,2.38,0,0
X110801883,ENGINE,19261596,2LA010,2.38,666,21.84
X110801884,ENGINE,19505598,2LA010,2.38,0,0
X110801885,ENGINE,19505598,2LA010,2.38,0,0
X110801886,ENGINE,19505598,2LA010,2.38,0,0
X110801887,ENGINE,19505598,2LA010,2.38,0,0
X110801888,ENGINE,19871922,2LA010,2.38,0,0
X110801889,ENGINE,19871922,2LA010,2.38,0,0
X110801890,ENGINE,19871922,2LA010,2.38,0,0
X110801894,ENGINE,19505598,2LA010,2.38,662,21.84
X110801895,ENGINE,19505598,2LA010,2.38,0,0
X110801901,ENGINE,19505598,2LA010,2.38,0,0
X110801902,ENGINE,19505598,2LA010,2.38,0,0
X110801903,ENGINE,19871922,2LA010,2.38,0,0
X110801904,ENGINE,19505598,2LA010,2.38,0,0
X110801905,ENGINE,19505598,2LA010,2.38,0,0
X110801906,ENGINE,15420930,2LA010,2.38,0,0
X110801907,ENGINE,15420930,2LA010,2.38,552,21.84
X110801908,ENGINE,15686634,2LA010,2.38,488,23.52
X110801909,ENGINE,15686634,2LA010,2.38,494,23.52
X110801910,ENGINE,18211122,2LA010,2.38,634,23.52
X110801911,ENGINE,18211122,2LA010,2.38,726,22.68
X110801912,ENGINE,18211122,2LA010,2.38,0,0
X110801913,ENGINE,18211122,2LA010,2.38,642,22.68
X110801914,ENGINE,18455124,2LA010,2.38,0,0
X110801915,ENGINE,18455124,2LA010,2.38,638,22.68
X110801916,ENGINE,19871922,2LA010,2.38,0,0
X110801917,ENGINE,18455124,2LA010,2.38,648,21.84
X110801918,ENGINE,18821448,2LA010,2.38,0,0
X110801919,ENGINE,18455124,2LA010,2.38,0,0
X110801920,ENGINE,18455124,2LA010,2.38,0,0
X110801921,ENGINE,18455124,2LA010,2.38,0,0
X110801922,ENGINE,18821448,2LA010,2.38,0,0
X110801923,ENGINE,18821448,2LA010,2.38,0,0
X110801924,ENGINE,21245622,2LA010,2.38,0,0
X110801925,ENGINE,24195318,2LA010,2.38,0,0
X110801926,ENGINE,18455124,2LA010,2.38,640,22.68
X110801927,ENGINE,17669166,2LA010,2.38,640,22.68
X110801928,ENGINE,18577446,2LA010,2.38,664,22.68
X110801929,ENGINE,21245622,2LA010,2.38,1036,25.92
X110801933,ENGINE,21245622,2LA010,2.38,0,0
X110801934,ENGINE,21245622,2LA010,2.38,0,0
X110801935,ENGINE,21245622,2LA010,2.38,0,0
X110801938,ENGINE,18455124,2LA010,2.38,640,22.68
X110801944,ENGINE,18455124,2LA010,2.38,0,0
X110801945,ENGINE,24195318,2LA010,2.38,1160,28.8
X110801946,ENGINE,23771712,2LA010,2.38,0,0
X110801947,ENGINE,23771712,2LA010,2.38,0,0
X110801948,ENGINE,23771712,2LA010,2.38,0,0
X110801951,ENGINE,21245622,2LA010,2.38,1006,28.8
X110801953,ENGINE,23263338,2LA010,2.38,0,0
X110801954,ENGINE,21448854,2LA010,2.38,1174,17.28
X110801955,ENGINE,21245622,2LA010,2.38,0,0
X110801956,ENGINE,21245622,2LA010,2.38,0,0
X110801957,ENGINE,21245622,2LA010,2.38,0,0
X110801963,ENGINE,21245622,2LA010,2.38,0,0
X110801964,ENGINE,23771712,2LA010,2.38,0,0
X110801965,ENGINE,23771712,2LA010,2.38,0,0
X110801966,ENGINE,23771712,2LA010,2.38,0,0
X110801968,ENGINE,23263338,2LA010,2.38,0,0
X110801969,ENGINE,23771712,2LA010,2.38,0,0
X110801970,ENGINE,23771712,2LA010,2.38,0,0
X110801971,ENGINE,23771712,2LA010,2.38,0,0
X110801972,ENGINE,23771712,2LA010,2.38,0,0
X110801973,ENGINE,23263338,2LA010,2.38,0,0
X110801974,ENGINE,21245622,2LA010,2.38,0,0
X110801975,ENGINE,23771712,2LA010,2.38,0,0
X110801976,ENGINE,29897304,2LA010,2.38,0,0
X110801977,ENGINE,23771712,2LA010,2.38,0,0
X110801978,ENGINE,24195318,2LA010,2.38,0,0
X110801979,ENGINE,21245622,2LA010,2.38,0,0
X110801980,ENGINE,24138036,2LA010,2.38,0,0
X110801981,ENGINE,21245622,2LA010,2.38,0,0
X110801982,ENGINE,23771712,2LA010,2.38,0,0
X110801989,ENGINE,21245622,2LA010,2.38,0,0
X110801992,ENGINE,21245622,2LA010,2.38,0,0
X110801996,ENGINE,24195318,2LA010,2.38,1148,27.84
X110801997,ENGINE,23771712,2LA010,2.38,1168,27.84
X110801998,ENGINE,21245622,2LA010,2.38,0,0
X110801999,ENGINE,21245622,2LA010,2.38,0,0
X110802000,ENGINE,21245622,2LA010,2.38,0,0
X110802001,ENGINE,24195318,2LA010,2.38,0,0
X110802002,ENGINE,21245622,2LA010,2.38,0,0
X110802003,ENGINE,21245622,2LA010,2.38,0,0
X110802004,ENGINE,21245622,2LA010,2.38,0,0
X110802007,ENGINE,21245622,2LA010,2.38,0,0
X110802008,ENGINE,29897304,2LA010,2.38,0,0
X110802009,ENGINE,21245622,2LA010,2.38,1026,27.84
X110802010,ENGINE,21245622,2LA010,2.38,1004,28.8
X110802011,ENGINE,24195318,2LA010,2.38,0,0
X110802012,ENGINE,29897304,2LA010,2.38,1348,27.84
X110802013,ENGINE,21611946,2LA010,2.38,0,0
X110802014,ENGINE,29388930,2LA010,2.38,1330,28.8
X110802016,ENGINE,15420930,2LA010,2.38,464,21.84
X110802017,ENGINE,24561642,2LA010,2.38,0,0
X110802018,ENGINE,21245622,2LA010,2.38,0,0
X110802019,ENGINE,21245622,2LA010,2.38,1168,27.264
X110802020,ENGINE,24561642,2LA010,2.38,1186,27.84
X110802021,ENGINE,24195318,2LA010,2.38,1150,27.84
X110802023,ENGINE,20737248,2LA010,2.38,1012,28.8
X110802024,ENGINE,18821448,2LA010,2.38,0,0
X110802025,ENGINE,23686944,2LA010,2.38,0,0
X110802026,ENGINE,23771712,2LA010,2.38,1206,18.084
X110802027,ENGINE,23686944,2LA010,2.38,1158,28.8
X110802028,ENGINE,23686944,2LA010,2.38,1178,28.8
X110802029,ENGINE,18821448,2LA010,2.38,660,21.84
X110802030,ENGINE,18211122,2LA010,2.38,0,0
X110802031,ENGINE,24195318,2LA010,2.38,0,0
X110802032,ENGINE,21611946,2LA010,2.38,0,0
X110802033,ENGINE,29388930,2LA010,2.38,0,0
X110802035,ENGINE,24195318,2LA010,2.38,1164,28.8
X110802036,ENGINE,21245622,2LA010,2.38,1026,28.8
X110802037,ENGINE,18211122,2LA010,2.38,642,23.52
X110802038,ENGINE,23771712,2LA010,2.38,0,0
X110802039,ENGINE,23771712,2LA010,2.38,1146,28.8
X110802040,ENGINE,21245622,2LA010,2.38,0,0
X110802041,ENGINE,29897304,2LA010,2.38,0,0
X110802042,ENGINE,15420930,2LA010,2.38,474,21.84
X110802043,ENGINE,15420930,2LA010,2.38,466,23.52
X110802044,ENGINE,23263338,2LA010,2.38,1158,28.8
X110802045,ENGINE,18211122,2LA010,2.38,634,23.52
X110802046,ENGINE,29897304,2LA010,2.38,1318,27.84
X110802047,ENGINE,23771712,2LA010,2.38,0,0
X110802048,ENGINE,21245622,2LA010,2.38,1034,28.8
X110802053,ENGINE,21245622,2LA010,2.38,0,0
X110802054,ENGINE,23771712,2LA010,2.38,0,0
X110802055,ENGINE,21245622,2LA010,2.38,1038,26.88
X110802056,ENGINE,21245622,2LA010,2.38,0,0
X110802057,ENGINE,21367938,2LA010,2.38,0,0
X110802058,ENGINE,21367938,2LA010,2.38,0,0
X110802059,ENGINE,21245622,2LA010,2.38,0,0
X110802060,ENGINE,21245622,2LA010,2.38,1036,27.84
X110802061,ENGINE,21611946,2LA010,2.38,0,0
X110802062,ENGINE,24195318,2LA010,2.38,1158,28.8
X110802063,ENGINE,24561642,2LA010,2.38,0,0
X110802064,ENGINE,15420930,2LA010,2.38,474,21.84
X110802065,ENGINE,24195318,2LA010,2.38,0,0
X110802066,ENGINE,24561642,2LA010,2.38,1032,27.84
X110802067,ENGINE,18211122,2LA010,2.38,644,23.52
X110802068,ENGINE,18211122,2LA010,2.38,0,0
X110802069,ENGINE,18211122,2LA010,2.38,0,0
X110802070,ENGINE,21245622,2LA010,2.38,0,0
X110802071,ENGINE,23771712,2LA010,2.38,1142,28.8
X110802072,ENGINE,21245622,2LA010,2.38,0,0
X110802073,ENGINE,18577446,2LA010,2.38,742,23.52
X110802074,ENGINE,21245622,2LA010,2.38,1032,28.8
X110802075,ENGINE,21611946,2LA010,2.38,0,0
X110802076,ENGINE,21245622,2LA010,2.38,1012,26.88
X110802078,ENGINE,29897304,2LA010,2.38,0,0
X110802079,ENGINE,21245622,2LA010,2.38,0,0
X110802080,ENGINE,21245622,2LA010,2.38,0,0
X110802081,ENGINE,21245622,2LA010,2.38,1006,27.84
X110802083,ENGINE,23263338,2LA010,2.38,0,0
X110802084,ENGINE,19505598,2LA010,2.38,738,23.52
X110802086,ENGINE,24561642,2LA010,2.38,0,0
X110802087,ENGINE,24195318,2LA010,2.38,0,0
X110802088,ENGINE,23771712,2LA010,2.38,1132,27.84
X110802089,ENGINE,23771712,2LA010,2.38,0,0
X110802090,ENGINE,24195318,2LA010,2.38,0,0
X110802091,ENGINE,23771712,2LA010,2.38,0,0
X110802092,ENGINE,23771712,2LA010,2.38,0,0
X110802093,ENGINE,29897304,2LA010,2.38,0,0
X110802094,ENGINE,23771712,2LA010,2.38,0,0
X110802095,ENGINE,24195318,2LA010,2.38,1160,27.84
X110802096,ENGINE,29897304,2LA010,2.38,1340,28.8
X110802098,ENGINE,23771712,2LA010,2.38,0,0
X110802099,ENGINE,24195318,2LA010,2.38,1318,27.84
X110802100,ENGINE,23771712,2LA010,2.38,0,0
X110802101,ENGINE,23771712,2LA010,2.38,0,0
X110802102,ENGINE,23771712,2LA010,2.38,0,0
X110802103,ENGINE,29897304,2LA010,2.38,0,0
X110802104,ENGINE,23771712,2LA010,2.38,0,0
X110802107,ENGINE,21245622,2LA010,2.38,0,0
X110802109,ENGINE,18577440,2LA010,2.38,658,23.52
X110802112,ENGINE,27914154,2LA010,2.38,0,0
X110802113,ENGINE,27914154,2LA010,2.38,0,0
X110802114,ENGINE,21245622,2LA010,2.38,0,0
X110802116,ENGINE,24195318,2LA010,2.38,0,0
X110802117,ENGINE,21245622,2LA010,2.38,0,0
X110802118,ENGINE,24195318,2LA010,2.38,0,0
X110802119,ENGINE,24195318,2LA010,2.38,0,0
X110802120,ENGINE,18211122,2LA010,2.38,0,0
X110802121,ENGINE,18211122,2LA010,2.38,0,0
X110802122,ENGINE,18211122,2LA010,2.38,0,0
X110802123,ENGINE,18333438,2LA010,2.38,738,22.68
X110802124,ENGINE,21245622,2LA010,2.38,1004,28.8
X110802126,ENGINE,23263338,2LA010,2.38,1156,28.8
X110802127,ENGINE,21245622,2LA010,2.38,0,0
X110802128,ENGINE,21245622,2LA010,2.38,1016,27.84
X110802129,ENGINE,21245622,2LA010,2.38,1016,26.88
X110802130,ENGINE,21245622,2LA010,2.38,0,0
X110802131,ENGINE,21619206,2LA010,2.38,0,0
X110802132,ENGINE,20737248,2LA010,2.38,0,0
X110802133,ENGINE,29897304,2LA010,2.38,1350,2.9568
X110802134,ENGINE,19505598,2LA010,2.38,0,0
X110802135,ENGINE,29897304,2LA010,2.38,1342,28.8
X110802136,ENGINE,19505598,2LA010,2.38,678,23.52
X110802137,ENGINE,24195318,2LA010,2.38,0,0
X110802138,ENGINE,23771712,2LA010,2.38,0,0
X110802139,ENGINE,21245622,2LA010,2.38,0,0
X110802140,ENGINE,24195318,2LA010,2.38,0,0
X110802141,ENGINE,21245622,2LA010,2.38,0,0
X110802142,ENGINE,24195318,2LA010,2.38,0,0
X110802143,ENGINE,21245622,2LA010,2.38,0,0
X110802145,ENGINE,19505598,2LA010,2.38,0,0
X110802146,ENGINE,19871922,2LA010,2.38,0,0
X110802147,ENGINE,19871922,2LA010,2.38,0,0
X110802148,ENGINE,23771712,2LA010,2.38,0,0
X110802149,ENGINE,20737248,2LA010,2.38,0,0
X110802150,ENGINE,21245622,2LA010,2.38,0,0
X110802151,ENGINE,24138036,2LA010,2.38,1202,26.88
X110802152,ENGINE,21245622,2LA010,2.38,0,0
X110802153,ENGINE,21245622,2LA010,2.38,0,0
X110802154,ENGINE,24195318,2LA010,2.38,0,0
X110802155,ENGINE,19505598,2LA010,2.38,0,0
X110802156,ENGINE,24195318,2LA010,2.38,0,0
X110802157,ENGINE,21245622,2LA010,2.38,1006,27.84
X110802158,ENGINE,24195318,2LA010,2.38,0,0
X110802159,ENGINE,29897304,2LA010,2.38,1340,27.84
X110802160,ENGINE,19505598,2LA010,2.38,648,21.84
X110802161,ENGINE,24195318,2LA010,2.38,1156,27.84
X110802162,ENGINE,19505598,2LA010,2.38,676,21.84
X110802163,ENGINE,19505598,2LA010,2.38,662,21.84
X110802164,ENGINE,19505598,2LA010,2.38,0,0
X110802165,ENGINE,18211122,2LA010,2.38,640,23.52
X110802166,ENGINE,18455124,2LA010,2.38,0,0
X110802167,ENGINE,18455124,2LA010,2.38,646,21.84
X110802168,ENGINE,24195318,2LA010,2.38,1318,27.84
X110802169,ENGINE,21245622,2LA010,2.38,0,0
X110802170,ENGINE,21245622,2LA010,2.38,0,0
X110802171,ENGINE,21448854,2LA010,2.38,0,0
X110802172,ENGINE,21448854,2LA010,2.38,0,0
X110802173,ENGINE,19505598,2LA010,2.38,676,21.84
X110802174,ENGINE,21448854,2LA010,2.38,0,0
X110802175,ENGINE,21448854,2LA010,2.38,0,0
X110802176,ENGINE,21448854,2LA010,2.38,0,0
X110802177,ENGINE,21448854,2LA010,2.38,0,0
X110802178,ENGINE,21448854,2LA010,2.38,0,0
X110802179,ENGINE,21448854,2LA010,2.38,0,0
X110802180,ENGINE,24195318,2LA010,2.38,1340,27.84
X110802181,ENGINE,21815178,2LA010,2.38,0,0
X110802182,ENGINE,21815178,2LA010,2.38,0,0
X110802183,ENGINE,21815178,2LA010,2.38,0,0
X110802184,ENGINE,21815178,2LA010,2.38,0,0
X110802185,ENGINE,21448854,2LA010,2.38,0,0
X110802186,ENGINE,21245622,2LA010,2.38,1006,27.84
X110802187,ENGINE,21245622,2LA010,2.38,1000,28.8
X110802188,ENGINE,21245622,2LA010,2.38,0,0
X110802189,ENGINE,21245622,2LA010,2.38,0,0
X110802190,ENGINE,21245622,2LA010,2.38,0,0
X110802191,ENGINE,21245622,2LA010,2.38,0,0
X110802192,ENGINE,21245622,2LA010,2.38,0,0
X110802193,ENGINE,21245622,2LA010,2.38,0,0
X110802194,ENGINE,21245622,2LA010,2.38,0,0
X110802195,ENGINE,21245622,2LA010,2.38,0,0
X110802196,ENGINE,21448854,2LA010,2.38,1034,26.88
X110802197,ENGINE,21245622,2LA010,2.38,0,0
X110802198,ENGINE,21245622,2LA010,2.38,0,0
X110802199,ENGINE,24195318,2LA010,2.38,0,0
X110802202,ENGINE,29388930,2LA010,2.38,0,0
X110802204,ENGINE,21188412,2LA010,2.38,0,0
X110802206,ENGINE,21611946,2LA010,2.38,0,0
X110802207,ENGINE,20737248,2LA010,2.38,0,0
X110802208,ENGINE,20737248,2LA010,2.38,0,0
X110802209,ENGINE,20737248,2LA010,2.38,0,0
X110802210,ENGINE,21611946,2LA010,2.38,1026,26.88
X110802213,ENGINE,23771712,2LA010,2.38,0,0
X110802214,ENGINE,29897304,2LA010,2.38,0,0
X110802221,ENGINE,29897304,2LA010,2.38,1338,27.84
X110802223,ENGINE,29897304,2LA010,2.38,0,0
X110802225,ENGINE,24561642,2LA010,2.38,0,0
X110802226,ENGINE,21245622,2LA010,2.38,1018,26.88
X110802227,ENGINE,24195318,2LA010,2.38,0,0
X110802228,ENGINE,24561642,2LA010,2.38,1196,26.88
X110802229,ENGINE,29897304,2LA010,2.38,1324,27.84
X110802230,ENGINE,29897304,2LA010,2.38,1354,27.84
X110802231,ENGINE,21245622,2LA010,2.38,0,0
X110802232,ENGINE,18211122,2LA010,2.38,642,8.44431
X110802233,ENGINE,24195318,2LA010,2.38,0,0
X110802234,ENGINE,18211122,2LA010,2.38,642,23.52
X110802235,ENGINE,24195318,2LA010,2.38,0,0
X110802237,ENGINE,29897304,2LA010,2.38,0,0
X110802238,ENGINE,24195318,2LA010,2.38,1176,26.88
X110802239,ENGINE,24195318,2LA010,2.38,1152,27.84
X110802240,ENGINE,24195318,2LA010,2.38,0,0
X110802242,ENGINE,21245622,2LA010,2.38,0,0
X110802243,ENGINE,23771712,2LA010,2.38,1184,26.88
X110802244,ENGINE,24195318,2LA010,2.38,0,0
X110802245,ENGINE,21245622,2LA010,2.38,1148,27.84
X110802246,ENGINE,23263338,2LA010,2.38,0,0
X110802248,ENGINE,24195318,2LA010,2.38,1150,28.8
X110802249,ENGINE,18455124,2LA010,2.38,0,0
X110802250,ENGINE,18211122,2LA010,2.38,642,21.84
X110802251,ENGINE,24138036,2LA010,2.38,0,0
X110802252,ENGINE,27914154,2LA010,2.38,0,0
X110802253,ENGINE,24561642,2LA010,2.38,0,0
X110802254,ENGINE,21245622,2LA010,2.38,1014,27.84
X110802257,ENGINE,21245622,2LA010,2.38,1084,27.84
X110802258,ENGINE,21245622,2LA010,2.38,0,0
X110802259,ENGINE,21245622,2LA010,2.38,0,0
X110802260,ENGINE,21245622,2LA010,2.38,0,0
X110802261,ENGINE,20737248,2LA010,2.38,0,0
X110802262,ENGINE,23263338,2LA010,2.38,0,0
X110802263,ENGINE,21245622,2LA010,2.38,0,0
X110802264,ENGINE,21619206,2LA010,2.38,0,0
X110802265,ENGINE,23771712,2LA010,2.38,1164,27.84
X110802266,ENGINE,21611946,2LA010,2.38,0,0
X110802267,ENGINE,18211122,2LA010,2.38,650,23.52
X110802268,ENGINE,21245622,2LA010,2.38,1026,28.8
X110802269,ENGINE,23263338,2LA010,2.38,1160,28.8
X110802270,ENGINE,23771712,2LA010,2.38,0,0
X110802271,ENGINE,15420930,2LA010,2.38,0,0
X110802272,ENGINE,18211122,2LA010,2.38,0,0
X110802274,ENGINE,15420930,2LA010,2.38,0,0
X110802275,ENGINE,24195318,2LA010,2.38,1158,27.84
X110802276,ENGINE,21245622,2LA010,2.38,0,0
X110802277,ENGINE,15420930,2LA010,2.38,0,0
X110802278,ENGINE,24195318,2LA010,2.38,0,0
X110802279,ENGINE,21245622,2LA010,2.38,0,0
X110802280,ENGINE,29897304,2LA010,2.38,1342,28.8
X110802281,ENGINE,24195318,2LA010,2.38,1150,28.8
X110802282,ENGINE,23263338,2LA010,2.38,1180,27.84
X110802283,ENGINE,18577446,2LA010,2.38,670,23.52
X110802284,ENGINE,21245622,2LA010,2.38,1004,27.84
X110802285,ENGINE,24561642,2LA010,2.38,1180,26.88
X110802286,ENGINE,29897304,2LA010,2.38,0,0
X110802287,ENGINE,18211122,2LA010,2.38,0,0
X110802288,ENGINE,18211122,2LA010,2.38,0,0
X110802289,ENGINE,21245622,2LA010,2.38,1004,26.88
X110802290,ENGINE,18455124,2LA010,2.38,646,23.52
X110802291,ENGINE,18455124,2LA010,2.38,642,23.52
X110802292,ENGINE,23771712,2LA010,2.38,1182,28.8
X110802293,ENGINE,24195318,2LA010,2.38,0,0
X110802294,ENGINE,21245622,2LA010,2.38,0,0
X110802295,ENGINE,21245622,2LA010,2.38,0,0
X110802296,ENGINE,29897304,2LA010,2.38,1328,27.84
X110802297,ENGINE,23771712,2LA010,2.38,0,0
X110802298,ENGINE,23771712,2LA010,2.38,0,0
X110802299,ENGINE,23771712,2LA010,2.38,0,0
X110802300,ENGINE,21245622,2LA010,2.38,0,0
X110802301,ENGINE,21245622,2LA010,2.38,0,0
X110802302,ENGINE,29897304,2LA010,2.38,0,0
X110802303,ENGINE,29897304,2LA010,2.38,0,0
X110802304,ENGINE,21245622,2LA010,2.38,0,0
X110802305,ENGINE,21245622,2LA010,2.38,0,0
X110802306,ENGINE,21245622,2LA010,2.38,1014,28.8
X110802307,ENGINE,19505598,2LA010,2.38,0,0
X110802308,ENGINE,19505598,2LA010,2.38,0,0
X110802309,ENGINE,19871922,2LA010,2.38,0,0
X110802310,ENGINE,29897304,2LA010,2.38,1334,28.8
X110802311,ENGINE,18211122,2LA010,2.38,0,0
X110802312,ENGINE,21245622,2LA010,2.38,1020,28.8
X110802313,ENGINE,23686944,2LA010,2.38,0,0
X110802314,ENGINE,23686944,2LA010,2.38,0,0
X110802315,ENGINE,29897304,2LA010,2.38,1338,28.8
X110802316,ENGINE,23686944,2LA010,2.38,1166,28.8
X110802317,ENGINE,29897304,2LA010,2.38,1330,28.8
X110802319,ENGINE,29897304,2LA010,2.38,0,0
X110802320,ENGINE,18211122,2LA010,2.38,648,21.84
X110802321,ENGINE,23263338,2LA010,2.38,1162,27.84
X110802322,ENGINE,29897304,2LA010,2.38,0,0
X110802323,ENGINE,23263338,2LA010,2.38,0,0
X110802324,ENGINE,29897304,2LA010,2.38,0,0
X110802326,ENGINE,23771712,2LA010,2.38,0,0
X110802327,ENGINE,29897304,2LA010,2.38,0,0
X110802328,ENGINE,29897304,2LA010,2.38,0,0
X110802329,ENGINE,19505598,2LA010,2.38,656,21.84
X110802330,ENGINE,20737248,2LA010,2.38,0,0
X110802331,ENGINE,21245622,2LA010,2.38,1012,27.84
X110802332,ENGINE,23686944,2LA010,2.38,0,0
X110802333,ENGINE,23686944,2LA010,2.38,0,0
X110802334,ENGINE,23263338,2LA010,2.38,0,0
X110802335,ENGINE,23263338,2LA010,2.38,0,0
X110802336,ENGINE,23263338,2LA010,2.38,0,0
X110802337,ENGINE,24195318,2LA010,2.38,1104,26.88
X110802339,ENGINE,23263338,2LA010,2.38,1164,27.84
X110802341,ENGINE,23263338,2LA010,2.38,1164,27.84
X110802342,ENGINE,23771712,2LA010,2.38,0,0
X110802343,ENGINE,24195318,2LA010,2.38,0,0
X110802344,ENGINE,24195318,2LA010,2.38,0,0
X110802345,ENGINE,23771712,2LA010,2.38,0,0
X110802346,ENGINE,23771712,2LA010,2.38,0,0
X110802347,ENGINE,24195318,2LA010,2.38,0,0
X110802348,ENGINE,23771712,2LA010,2.38,0,0
X110802349,ENGINE,23771712,2LA010,2.38,0,0
X110802350,ENGINE,23263338,2LA010,2.38,0,0
X110802351,ENGINE,19871922,2LA010,2.38,680,21.84
X110802354,ENGINE,23686944,2LA010,2.38,0,0
X110802355,ENGINE,18211122,2LA010,2.38,642,21.84
X110802356,ENGINE,23263338,2LA010,2.38,0,0
X110802357,ENGINE,21245622,2LA010,2.38,0,0
X110802358,ENGINE,21245622,2LA010,2.38,0,0
X110802359,ENGINE,21245622,2LA010,2.38,0,0
X110802360,ENGINE,18211122,2LA010,2.38,0,0
X110802361,ENGINE,18211122,2LA010,2.38,640,21.84
X110802362,ENGINE,18211122,2LA010,2.38,0,0
X110802363,ENGINE,21245622,2LA010,2.38,0,0
X110802364,ENGINE,21245622,2LA010,2.38,0,0
X110802365,ENGINE,21245622,2LA010,2.38,1172,27.84
X110802366,ENGINE,23771712,2LA010,2.38,0,0
X110802367,ENGINE,24561642,2LA010,2.38,0,0
X110802368,ENGINE,24195318,2LA010,2.38,0,0
X110802369,ENGINE,23771712,2LA010,2.38,0,0
X110802370,ENGINE,24195318,2LA010,2.38,1172,27.84
X110802371,ENGINE,23771712,2LA010,2.38,0,0
X110802372,ENGINE,18577446,2LA010,2.38,0,0
X110802373,ENGINE,18455124,2LA010,2.38,652,21.84
X110802374,ENGINE,21245622,2LA010,2.38,1028,28.8
X110802375,ENGINE,21245622,2LA010,2.38,0,0
X110802376,ENGINE,21245622,2LA010,2.38,0,0
X110802377,ENGINE,24195318,2LA010,2.38,0,0
X110802378,ENGINE,21245622,2LA010,2.38,0,0
X110802379,ENGINE,21245622,2LA010,2.38,0,0
X110802380,ENGINE,18211122,2LA010,2.38,0,0
X110802381,ENGINE,18577446,2LA010,2.38,0,0
X110802389,ENGINE,18211122,2LA010,2.38,640,21.84
X110802390,ENGINE,23771712,2LA010,2.38,0,0
X110802391,ENGINE,21245622,2LA010,2.38,0,0
X110802393,ENGINE,24195318,2LA010,2.38,0,0
X110802394,ENGINE,27914154,2LA010,2.38,0,0
X110802395,ENGINE,27914154,2LA010,2.38,0,0
X110802396,ENGINE,27914154,2LA010,2.38,0,0
X110802402,ENGINE,21245622,2LA010,2.38,0,0
X110802403,ENGINE,15686634,2LA010,2.38,0,0
X130800005,ENGINE,25433424,2LA010,2.38,1040,26.88
X130800006,ENGINE,25433424,2LA010,2.38,0,0
X130800007,ENGINE,25433424,2LA010,2.38,1132,27.84
X130800008,ENGINE,25433424,2LA010,2.38,1068,24.96
X130800009,ENGINE,25433424,2LA010,2.38,0,0
X130800010,ENGINE,25433424,2LA010,2.38,1305,0
X130800011,ENGINE,25433424,2LA010,2.38,1070,26.88
X130800012,ENGINE,25433424,2LA010,2.38,1070,25.92
X130800013,ENGINE,26938674,2LA010,2.38,0,0
X130800014,ENGINE,25433424,2LA010,2.38,1068,26.88
X130800015,ENGINE,25433412,2LA010,2.38,0,0
X130800016,ENGINE,25433412,2LA010,2.38,0,0
X130800017,ENGINE,25433412,2LA010,2.38,1070,24.96
X130800018,ENGINE,25433412,2LA010,2.38,1070,24.96
X130800019,ENGINE,25433412,2LA010,2.38,0,0
X130800021,ENGINE,27457764,2LA010,2.38,1070,0
X130800022,ENGINE,27457764,2LA010,2.38,0,0
X130800023,ENGINE,27457764,2LA010,2.38,0,0
X130800024,ENGINE,27457764,2LA010,2.38,0,0
X130800025,ENGINE,25952502,2LA010,2.38,0,0
X130800026,ENGINE,25952502,2LA010,2.38,1070,24.96
X130800027,ENGINE,25952502,2LA010,2.38,1086,28.8
X130800028,ENGINE,25952502,2LA010,2.38,0,0
X130800029,ENGINE,25952502,2LA010,2.38,1070,24.96
X130800030,ENGINE,25952502,2LA010,2.38,1086,26.88
X130800031,ENGINE,25952502,2LA010,2.38,0,0
X190800068,INDUSTRIAL ENGINE,32074590,2LA010,2.38,1300,29.4372
X190800074,INDUSTRIAL ENGINE,17217030,2LA010,2.38,0,0
X190800091,ENGINE,20079450,2LA010,2.38,1200,0
X190800105,INDUSTRIAL ENGINE,21118002,2LA010,2.38,755,0
X190800116,ENGINE,21213960,2LA010,2.38,0,0
X190800192,INDUSTRIAL ENGINE,32168880,2LA010,2.38,0,0
X190800194,INDUSTRIAL ENGINE,32857686,2LA010,2.38,0,0
X190800196,INDUSTRIAL ENGINE,31137624,2LA010,2.38,1343,32.64
X909226480,ENGINE,24483054,2LA010,2.38,700,13.56
X909801462,ENGINE,20061258,2LA010,2.38,0,0
X909801748,INDUSTRIAL ENGINE,28366878,2LA010,2.38,0,0
X909801929,ENGINE,19972326,2LA010,2.38,0,0
X909802310,INDUSTRIAL ENGINE,29613864,2LA010,2.38,1030,33.948
X909802417,ENGINE,28120146,2LA010,2.38,0,0
A3520107450,SHORTBLOCK,4272984,2LA015,2.38,255,2.8836
A3530102050,SHORTBLOCK,5509374,2LA015,2.38,260,3.0618
A3550100250,SHORTBLOCK,7730682,2LA015,2.38,590,8.5425
A3640100250,SHORTBLOCK,3422046,2LA015,2.38,180,1.42848
A3640100450,SHORTBLOCK,3526758,2LA015,2.38,185,2.27934
A3640101250,SHORTBLOCK,3456096,2LA015,2.38,170,2.35008
A3640101450,SHORTBLOCK,3291120,2LA015,2.38,192,2.27934
A3660100250,SHORTBLOCK,4681422,2LA015,2.38,240,1.93536
A3660100750,SHORTBLOCK,5304564,2LA015,2.38,255,2.1168
A3660101250,SHORTBLOCK,4851606,2LA015,2.38,284,3.1482
A3660101450,SHORTBLOCK,4924920,2LA015,2.38,265,2.8836
A3660102750,SHORTBLOCK,5152698,2LA015,2.38,265,2.20575
A3660102850,SHORTBLOCK,5561160,2LA015,2.38,256,3.1482
A3660103650,SHORTBLOCK,5294070,2LA015,2.38,245,3.1005
A3660103750,SHORTBLOCK,5650152,2LA015,2.38,240,3.1482
A3660103950,SHORTBLOCK,4987746,2LA015,2.38,230,3.1482
A3660104050,SHORTBLOCK,5278374,2LA015,2.38,237,3.1482
A3760105550,SHORTBLOCK,7894566,2LA015,2.38,265,4.959
A4470101050,BASIC ENGINE,12839634,2LA015,2.38,505,6.8796
X009803962,LONG BLOCK ENGINE,24260646,2LA015,2.38,1050,0
X009890001,LONG BLOCK ENGINE,6188844,2LA015,2.38,246,4.79076
X009890003,LONG BLOCK ENGINE,6188844,2LA015,2.38,198,4.79076
X009890005,LONG BLOCK ENGINE,9442530,2LA015,2.38,713,11.33451
X009890006,LONG BLOCK ENGINE,10997334,2LA015,2.38,916,11.556
X009890007,LONG BLOCK ENGINE,10997334,2LA015,2.38,713,11.33451
X009890008,LONG BLOCK ENGINE,10997334,2LA015,2.38,930,11.664
X009890009,LONG BLOCK ENGINE,10997334,2LA015,2.38,922,11.22002
X009890010,LONG BLOCK ENGINE,9442530,2LA015,2.38,713,11.33451
X009890012,LONG BLOCK ENGINE,9442530,2LA015,2.38,713,11.33451
X009890014,LONG BLOCK ENGINE,7651038,2LA015,2.38,0,0
X009890015,LONG BLOCK ENGINE,7651038,2LA015,2.38,0,0
X009890016,LONG BLOCK ENGINE,7651038,2LA015,2.38,300,5.11292
X009890018,LONG BLOCK ENGINE,7651038,2LA015,2.38,407,13.03144
X009890020,LONG BLOCK ENGINE,7651038,2LA015,2.38,310,3.44223
X009890021,LONG BLOCK ENGINE,6188844,2LA015,2.38,0,0
X009890022,LONG BLOCK ENGINE,6188844,2LA015,2.38,0,0
X009890023,LONG BLOCK ENGINE,6188844,2LA015,2.38,0,0
X009890026,LONG BLOCK ENGINE,9442530,2LA015,2.38,710,11.556
X009890027,LONG BLOCK ENGINE,6188844,2LA015,2.38,0,0
X009890028,SHORTBLOCK,7651038,2LA015,2.38,0,0
X009890029,LONG BLOCK ENGINE,10997334,2LA015,2.38,920,11.449
X009890030,LONG BLOCK ENGINE,9442530,2LA015,2.38,713,11.33451
X009890031,LONG BLOCK ENGINE,9442530,2LA015,2.38,695,11.78064
X009890032,LONG BLOCK ENGINE,6188844,2LA015,2.38,298,11.44836
X009890033,LONG BLOCK ENGINE,7651038,2LA015,2.38,382,11.50227
X009890034,LONG BLOCK ENGINE,10997334,2LA015,2.38,916,11.664
X009890035,LONG BLOCK ENGINE,9442530,2LA015,2.38,705,11.664
X009890036,LONG BLOCK ENGINE,7651038,2LA015,2.38,387,11.22416
X009890037,LONG BLOCK ENGINE,7651038,2LA015,2.38,399,13.54416
X009890038,LONG BLOCK ENGINE,7651038,2LA015,2.38,0,0
X009890039,LONG BLOCK ENGINE,10997334,2LA015,2.38,929,11.664
X009890040,LONG BLOCK ENGINE,10997334,2LA015,2.38,930,11.664
X009890041,LONG BLOCK ENGINE,9442530,2LA015,2.38,738,11.664
X009890042,LONG BLOCK ENGINE,10997334,2LA015,2.38,948,11.664
X009890043,LONG BLOCK ENGINE,6188844,2LA015,2.38,277,13.0104
X009890044,LONG BLOCK ENGINE,7651038,2LA015,2.38,404,13.22168
X009890045,LONG BLOCK ENGINE,9442530,2LA015,2.38,713,11.664
X009890046,LONG BLOCK ENGINE,9442530,2LA015,2.38,700,11.664
X009890047,LONG BLOCK ENGINE,10997334,2LA015,2.38,903,11.78064
X009890048,LONG BLOCK ENGINE,10997334,2LA015,2.38,904,10.80058
X009890049,LONG BLOCK ENGINE,9442530,2LA015,2.38,571,11.664
X009890050,LONG BLOCK ENGINE,7651038,2LA015,2.38,391,4.851
X009890051,LONG BLOCK ENGINE,9442530,2LA015,2.38,699,11.664
X009890052,LONG BLOCK ENGINE,9442530,2LA015,2.38,702,11.664
X009890053,LONG BLOCK ENGINE,6188844,2LA015,2.38,277,13.22168
X009890054,LONG BLOCK ENGINE,7651038,2LA015,2.38,390,13.54416
X009890055,LONG BLOCK ENGINE,7651038,2LA015,2.38,390,13.54416
X009890056,LONG BLOCK ENGINE,9442530,2LA015,2.38,694,11.664
X009890057,LONG BLOCK ENGINE,10997334,2LA015,2.38,894,11.33451
X009890058,LONG BLOCK ENGINE,9442530,2LA015,2.38,740,11.664
X009890059,LONG BLOCK ENGINE,6188844,2LA015,2.38,0,0
X009890060,LONG BLOCK ENGINE,7651038,2LA015,2.38,395,13.54416
X009890061,LONG BLOCK ENGINE,9442530,2LA015,2.38,602,11.48645
X009890063,LONG BLOCK ENGINE,6188844,2LA015,2.38,270,13.82355
X009890064,LONG BLOCK ENGINE,10997334,2LA015,2.38,898,11.78064
X009890065,LONG BLOCK ENGINE,6188844,2LA015,2.38,279,13.25184
X009890066,LONG BLOCK ENGINE,9442530,2LA015,2.38,700,11.664
X009890067,LONG BLOCK ENGINE,7651038,2LA015,2.38,391,13.49829
X009890069,LONG BLOCK ENGINE,9442530,2LA015,2.38,688,15.77094
X009890070,LONG BLOCK ENGINE,10997334,2LA015,2.38,893,11.664
X009890071,LONG BLOCK ENGINE,9442530,2LA015,2.38,701,11.664
X009890072,LONG BLOCK ENGINE,9442530,2LA015,2.38,697,11.664
X009890073,LONG BLOCK ENGINE,9442530,2LA015,2.38,708,11.78064
X009890075,LONG BLOCK ENGINE,6188844,2LA015,2.38,287,13.22168
X009890076,LONG BLOCK ENGINE,7651038,2LA015,2.38,400,12.93632
X009890077,LONG BLOCK ENGINE,6188844,2LA015,2.38,279,13.25184
X009890078,LONG BLOCK ENGINE,7651038,2LA015,2.38,398,13.09408
X009890079,LONG BLOCK ENGINE,7651038,2LA015,2.38,398,13.09408
X009890080,LONG BLOCK ENGINE,7651038,2LA015,2.38,380,13.22168
X009890081,LONG BLOCK ENGINE,9442530,2LA015,2.38,740,11.78064
X009890082,LONG BLOCK ENGINE,6188844,2LA015,2.38,285,12.93632
X009890083,LONG BLOCK ENGINE,9442530,2LA015,2.38,710,11.78064
X009890084,LONG BLOCK ENGINE,9442530,2LA015,2.38,702,11.78064
X009890085,LONG BLOCK ENGINE,9442530,2LA015,2.38,713,11.78064
X009890086,LONG BLOCK ENGINE,6188844,2LA015,2.38,0,0
X009890089,LONG BLOCK ENGINE,6188844,2LA015,2.38,0,0
X009890090,LONG BLOCK ENGINE,9442530,2LA015,2.38,722,11.78064
X009890091,LONG BLOCK ENGINE,10997334,2LA015,2.38,911,11.78064
X009890092,LONG BLOCK ENGINE,6188844,2LA015,2.38,288,13.25184
X009890093,LONG BLOCK ENGINE,9442530,2LA015,2.38,700,11.78064
X009890094,LONG BLOCK ENGINE,9442530,2LA015,2.38,740,11.664
X009890095,LONG BLOCK ENGINE,9442530,2LA015,2.38,714,11.78064
X009890096,LONG BLOCK ENGINE,9442530,2LA015,2.38,704,11.78064
X009890097,LONG BLOCK ENGINE,9442530,2LA015,2.38,704,11.78064
X009890098,LONG BLOCK ENGINE,10997334,2LA015,2.38,909,11.43072
X009890099,LONG BLOCK ENGINE,9442530,2LA015,2.38,749,15.7136
X009890100,LONG BLOCK ENGINE,9442530,2LA015,2.38,715,16.3172
X009890101,LONG BLOCK ENGINE,6188844,2LA015,2.38,353,13.25184
X009890102,LONG BLOCK ENGINE,6188844,2LA015,2.38,287,13.3056
X009890103,LONG BLOCK ENGINE,7651038,2LA015,2.38,420,13.3168
X009890104,LONG BLOCK ENGINE,7651038,2LA015,2.38,0,0
X009890105,LONG BLOCK ENGINE,7651038,2LA015,2.38,412,11.04768
X009890106,LONG BLOCK ENGINE,7651038,2LA015,2.38,412,13.03144
X009890107,LONG BLOCK ENGINE,6188844,2LA015,2.38,294,11.04768
X009890108,LONG BLOCK ENGINE,6188844,2LA015,2.38,285,11.04768
X009890109,LONG BLOCK ENGINE,7651038,2LA015,2.38,407,13.38292
X009890110,LONG BLOCK ENGINE,6188844,2LA015,2.38,0,0
X009890111,LONG BLOCK ENGINE,9442530,2LA015,2.38,715,15.77094
X009890112,LONG BLOCK ENGINE,10997334,2LA015,2.38,905,9.47806
X009890113,LONG BLOCK ENGINE,7651038,2LA015,2.38,390,11.04768
X009890114,LONG BLOCK ENGINE,7651038,2LA015,2.38,390,11.04768
X009890115,LONG BLOCK ENGINE,6188844,2LA015,2.38,285,13.3056
X009890116,LONG BLOCK ENGINE,9442530,2LA015,2.38,704,11.664
X009890117,LONG BLOCK ENGINE,9442530,2LA015,2.38,714,11.664
X009890118,LONG BLOCK ENGINE,10997334,2LA015,2.38,897,11.664
X009890119,LONG BLOCK ENGINE,9442530,2LA015,2.38,0,0
X009890120,LONG BLOCK ENGINE,10997334,2LA015,2.38,891,11.78064
X009890121,LONG BLOCK ENGINE,7651038,2LA015,2.38,390,11.04768
X009890122,LONG BLOCK ENGINE,9442530,2LA015,2.38,704,11.664
X009890123,LONG BLOCK ENGINE,7651038,2LA015,2.38,407,13.09408
X009890124,LONG BLOCK ENGINE,7651038,2LA015,2.38,0,0
X009890125,LONG BLOCK ENGINE,9442530,2LA015,2.38,715,15.47348
X009890126,LONG BLOCK ENGINE,9442530,2LA015,2.38,737,15.77094
X009890127,LONG BLOCK ENGINE,9442530,2LA015,2.38,700,11.664
X009890128,LONG BLOCK ENGINE,7651038,2LA015,2.38,0,0
X009890129,LONG BLOCK ENGINE,9442530,2LA015,2.38,715,11.664
X009890131,LONG BLOCK ENGINE,9442530,2LA015,2.38,735,15.77094
X009890132,LONG BLOCK ENGINE,10997334,2LA015,2.38,904,11.78064
X009890133,LONG BLOCK ENGINE,7651038,2LA015,2.38,476,11.04768
X009890134,LONG BLOCK ENGINE,7651038,2LA015,2.38,0,0
X009890135,LONG BLOCK ENGINE,7651038,2LA015,2.38,0,0
X009890136,LONG BLOCK ENGINE,6188844,2LA015,2.38,0,0
X009890137,LONG BLOCK ENGINE,10997334,2LA015,2.38,900,11.78064
X009890138,LONG BLOCK ENGINE,7651038,2LA015,2.38,0,0
X009890139,LONG BLOCK ENGINE,9442530,2LA015,2.38,740,8.49366
X009890140,LONG BLOCK ENGINE,9442530,2LA015,2.38,699,11.78064
X009890141,LONG BLOCK ENGINE,9442530,2LA015,2.38,692,11.664
X009890142,LONG BLOCK ENGINE,9442530,2LA015,2.38,694,11.664
X009890143,LONG BLOCK ENGINE,6219336,2LA015,2.38,284,13.54416
X009890144,LONG BLOCK ENGINE,9442530,2LA015,2.38,709,12.1
X009890145,LONG BLOCK ENGINE,9442530,2LA015,2.38,740,12.1
X009890146,LONG BLOCK ENGINE,9442530,2LA015,2.38,740,11.556
X009890147,LONG BLOCK ENGINE,6188844,2LA015,2.38,287,13.22168
X009890148,LONG BLOCK ENGINE,9442530,2LA015,2.38,735,15.77094
X009890149,LONG BLOCK ENGINE,6188844,2LA015,2.38,297,13.25184
X009890150,LONG BLOCK ENGINE,6188844,2LA015,2.38,285,13.26755
X009890151,LONG BLOCK ENGINE,6188844,2LA015,2.38,353,13.25184
X009890152,LONG BLOCK ENGINE,7651038,2LA015,2.38,401,13.38292
X009890153,LONG BLOCK ENGINE,7651038,2LA015,2.38,0,0
X009890154,LONG BLOCK ENGINE,7651038,2LA015,2.38,390,11.04768
X009890155,LONG BLOCK ENGINE,7651038,2LA015,2.38,401,13.38292
X009890159,LONG BLOCK ENGINE,10997334,2LA015,2.38,930,11.7832
X009890160,LONG BLOCK ENGINE,14342262,2LA015,2.38,906,12.1
X009890161,LONG BLOCK ENGINE,7651038,2LA015,2.38,320,13.22168
X009890162,LONG BLOCK ENGINE,9442530,2LA015,2.38,702,11.78064
X009890163,LONG BLOCK ENGINE,7651038,2LA015,2.38,906,13.52754
X009890164,LONG BLOCK ENGINE,11454054,2LA015,2.38,906,12.1
X009890165,LONG BLOCK ENGINE,7651038,2LA015,2.38,413,14.2426
X009890166,LONG BLOCK ENGINE,6188844,2LA015,2.38,0,0
X009890168,LONG BLOCK ENGINE,7651038,2LA015,2.38,443,14.28
X009890169,LONG BLOCK ENGINE,6188844,2LA015,2.38,308.5,13.22168
X009890170,LONG BLOCK ENGINE,12314562,2LA015,2.38,735,15.77094
X009890171,LONG BLOCK ENGINE,9442530,2LA015,2.38,735,15.77094
X009890172,LONG BLOCK ENGINE,9442530,2LA015,2.38,0,0
X009890173,LONG BLOCK ENGINE,6188844,2LA015,2.38,0,0
X009890174,LONG BLOCK ENGINE,6188844,2LA015,2.38,0,0
X009890175,LONG BLOCK ENGINE,9442530,2LA015,2.38,702,11.664
X009890176,LONG BLOCK ENGINE,7651038,2LA015,2.38,0,0
X009890177,LONG BLOCK ENGINE,7651038,2LA015,2.38,408,0
X009890178,LONG BLOCK ENGINE,10997334,2LA015,2.38,930,11.664
X009890179,LONG BLOCK ENGINE,9442530,2LA015,2.38,740,12.1
X009890180,LONG BLOCK ENGINE,7651038,2LA015,2.38,0,0
X009890182,LONG BLOCK ENGINE,6188844,2LA015,2.38,0,0
X009890183,LONG BLOCK ENGINE,10997334,2LA015,2.38,914,11.664
X009890184,LONG BLOCK ENGINE,6188844,2LA015,2.38,0,0
X009890187,LONG BLOCK ENGINE,6188844,2LA015,2.38,0,0
X009890188,LONG BLOCK ENGINE,6188844,2LA015,2.38,0,0
X009890189,LONG BLOCK ENGINE,7651038,2LA015,2.38,540,0
X009890190,LONG BLOCK ENGINE,7651038,2LA015,2.38,540,0
X009890191,LONG BLOCK ENGINE,7651038,2LA015,2.38,0,0
X009890192,LONG BLOCK ENGINE,7651038,2LA015,2.38,0,0
X009890193,LONG BLOCK ENGINE,7651038,2LA015,2.38,0,0
X009890194,LONG BLOCK ENGINE,7651038,2LA015,2.38,0,0
X009890195,LONG BLOCK ENGINE,7651038,2LA015,2.38,0,0
X009890196,LONG BLOCK ENGINE,6188844,2LA015,2.38,353,13.25184
X009890197,LONG BLOCK ENGINE,7651038,2LA015,2.38,0,0
X009890198,LONG BLOCK ENGINE,7651038,2LA015,2.38,353,13.33566
X009890199,LONG BLOCK ENGINE,9442530,2LA015,2.38,988,0
X009890200,LONG BLOCK ENGINE,9442530,2LA015,2.38,714,11.664
X009890201,LONG BLOCK ENGINE,10997334,2LA015,2.38,914.5,11.664
X009890202,LONG BLOCK ENGINE,6188844,2LA015,2.38,0,0
X009890203,LONG BLOCK ENGINE,7651038,2LA015,2.38,1050,0
X009890204,LONG BLOCK ENGINE,6188844,2LA015,2.38,0,0
X009890205,LONG BLOCK ENGINE,7651038,2LA015,2.38,0,0
X009890206,LONG BLOCK ENGINE,7650408,2LA015,2.38,452,13.12656
X009890207,LONG BLOCK ENGINE,6219336,2LA015,2.38,353,13.25184
X009890208,SHORTBLOCK,9442530,2LA015,2.38,672,10.486
X009890210,SHORTBLOCK,7651038,2LA015,2.38,361,13.54416
X009890211,SHORTBLOCK,9442530,2LA015,2.38,702,11.664
X009890212,LONG BLOCK ENGINE,9442530,2LA015,2.38,0,0
X009890214,LONG BLOCK ENGINE,10997334,2LA015,2.38,837,11.664
X009890215,SHORTBLOCK,7651038,2LA015,2.38,0,0
X009890216,LONG BLOCK ENGINE,7651038,2LA015,2.38,400,13.3168
X009890217,LONG BLOCK ENGINE,7651038,2LA015,2.38,415,13.3168
X009890218,LONG BLOCK ENGINE,9442530,2LA015,2.38,710,11.664
X009890220,LONG BLOCK ENGINE,9442530,2LA015,2.38,0,0
X009890221,LONG BLOCK ENGINE,7651038,2LA015,2.38,452,16.8
X009890222,LONG BLOCK ENGINE,7651038,2LA015,2.38,700,13.41192
X009890223,ENGINE,7651038,2LA015,2.38,0,0
X009890224,LONG BLOCK ENGINE,10997334,2LA015,2.38,914,12.13056
X009890225,LONG BLOCK ENGINE,9442530,2LA015,2.38,670,11.664
X009890226,LONG BLOCK ENGINE,9442530,2LA015,2.38,730,31.1856
X009890228,LONG BLOCK ENGINE,6188844,2LA015,2.38,0,0
X009890229,LONG BLOCK ENGINE,9442530,2LA015,2.38,457,8.1396
X009890230,LONG BLOCK ENGINE,10997334,2LA015,2.38,0,0
X009890231,LONG BLOCK ENGINE,7651038,2LA015,2.38,0,0
X009890232,LONG BLOCK ENGINE,6188844,2LA015,2.38,0,0
X009890234,LONG BLOCK ENGINE,7651038,2LA015,2.38,0,0
X009890235,LONG BLOCK ENGINE,10997334,2LA015,2.38,0,0
X009890236,LONG BLOCK ENGINE,10997334,2LA015,2.38,707,11.664
X009890237,LONG BLOCK ENGINE,7651038,2LA015,2.38,0,0
X009890238,LONG BLOCK ENGINE,9442530,2LA015,2.38,0,0
X009890239,LONG BLOCK ENGINE,10997334,2LA015,2.38,930,14.6556
X009890240,LONG BLOCK ENGINE,9442530,2LA015,2.38,754,15.456
X009890241,LONG BLOCK ENGINE,9442530,2LA015,2.38,729,15.53742
X009890242,LONG BLOCK ENGINE,7651038,2LA015,2.38,707,15.12
X009890243,LONG BLOCK ENGINE,7651038,2LA015,2.38,386,0
X009890244,LONG BLOCK ENGINE,9442530,2LA015,2.38,0,0
X009890245,LONG BLOCK ENGINE,10997334,2LA015,2.38,0,0
X009890246,LONG BLOCK ENGINE,9442530,2LA015,2.38,0,0
X009890247,LONG BLOCK ENGINE,7651038,2LA015,2.38,0,0
X009890248,LONG BLOCK ENGINE,6188844,2LA015,2.38,0,0
X009890249,LONG BLOCK ENGINE,9442530,2LA015,2.38,0,0
X009890250,LONG BLOCK ENGINE,7651038,2LA015,2.38,0,0
X009890252,SHORTBLOCK,9442530,2LA015,2.38,0,0
X009890254,LONG BLOCK ENGINE,6188844,2LA015,2.38,0,0
X009890255,LONG BLOCK ENGINE,6188844,2LA015,2.38,0,0
X009890256,LONG BLOCK ENGINE,9442530,2LA015,2.38,0,0
X009890257,LONG BLOCK ENGINE,6188844,2LA015,2.38,0,0
X009890258,LONG BLOCK ENGINE,10997334,2LA015,2.38,0,0
X009890259,LONG BLOCK ENGINE,7651038,2LA015,2.38,0,0
X009890260,LONG BLOCK ENGINE,9442530,2LA015,2.38,0,0
X009890261,LONG BLOCK ENGINE,7651038,2LA015,2.38,0,0
X009890262,LONG BLOCK ENGINE,10997334,2LA015,2.38,0,0
X009890263,LONG BLOCK ENGINE,7651038,2LA015,2.38,500,4.425
X009890264,LONG BLOCK ENGINE,6188844,2LA015,2.38,0,0
X009890265,LONG BLOCK ENGINE,9442530,2LA015,2.38,0,0
X009890266,LONG BLOCK ENGINE,7651038,2LA015,2.38,0,0
X009890267,LONG BLOCK ENGINE,7651038,2LA015,2.38,0,0
X009890268,LONG BLOCK ENGINE,7651038,2LA015,2.38,0,0
X009890269,LONG BLOCK ENGINE,9442530,2LA015,2.38,0,0
X009890270,LONG BLOCK ENGINE,9442530,2LA015,2.38,0,0
X009890271,LONG BLOCK ENGINE,7651038,2LA015,2.38,0,0
X009890272,LONG BLOCK ENGINE,7651038,2LA015,2.38,0,0
X110890003,LONG BLOCK ENGINE,7934406,2LA015,2.38,594,25.47314
X110890004,LONG BLOCK ENGINE,7934406,2LA015,2.38,0,0
X110890005,LONG BLOCK ENGINE,7934406,2LA015,2.38,0,0
X110890006,LONG BLOCK ENGINE,7934406,2LA015,2.38,0,0
X110890007,LONG BLOCK ENGINE,6708228,2LA015,2.38,0,0
X110890008,LONG BLOCK ENGINE,6708228,2LA015,2.38,0,0
X110890009,LONG BLOCK ENGINE,6708228,2LA015,2.38,0,0
X110890010,LONG BLOCK ENGINE,8721672,2LA015,2.38,0,0
X110890011,LONG BLOCK ENGINE,8721672,2LA015,2.38,0,0
X110890012,LONG BLOCK ENGINE,8721672,2LA015,2.38,0,0
X110890013,LONG BLOCK ENGINE,8721672,2LA015,2.38,0,0
X110890014,LONG BLOCK ENGINE,8721672,2LA015,2.38,0,0
X110890015,LONG BLOCK ENGINE,8721672,2LA015,2.38,873,25.2
X110890016,LONG BLOCK ENGINE,8721672,2LA015,2.38,0,0
X110890017,LONG BLOCK ENGINE,8721672,2LA015,2.38,0,0
X110890018,LONG BLOCK ENGINE,11924442,2LA015,2.38,0,0
X110890019,LONG BLOCK ENGINE,11924442,2LA015,2.38,0,0
X110890020,LONG BLOCK ENGINE,11924442,2LA015,2.38,0,0
X110890021,LONG BLOCK ENGINE,11924442,2LA015,2.38,0,0
X110890022,LONG BLOCK ENGINE,9971400,2LA015,2.38,0,0
X110890023,LONG BLOCK ENGINE,9971400,2LA015,2.38,0,0
X110890024,LONG BLOCK ENGINE,9971400,2LA015,2.38,0,0
X110890025,LONG BLOCK ENGINE,9971400,2LA015,2.38,0,0
X110890026,LONG BLOCK ENGINE,9971400,2LA015,2.38,0,0
X110890027,LONG BLOCK ENGINE,9971400,2LA015,2.38,0,0
X110890028,LONG BLOCK ENGINE,9971400,2LA015,2.38,0,0
X110890029,LONG BLOCK ENGINE,9971400,2LA015,2.38,0,0
X110890030,LONG BLOCK ENGINE,9971400,2LA015,2.38,0,0
X110890031,LONG BLOCK ENGINE,9971400,2LA015,2.38,0,0
X110890032,LONG BLOCK ENGINE,9971400,2LA015,2.38,855,22.935
X110890033,LONG BLOCK ENGINE,9971400,2LA015,2.38,0,0
X110890034,LONG BLOCK ENGINE,6708228,2LA015,2.38,0,0
X110890035,LONG BLOCK ENGINE,6708228,2LA015,2.38,0,0
X110890036,LONG BLOCK ENGINE,7934406,2LA015,2.38,0,0
X110890037,LONG BLOCK ENGINE,7934406,2LA015,2.38,0,0
X110890038,LONG BLOCK ENGINE,7934406,2LA015,2.38,0,0
X110890039,LONG BLOCK ENGINE,7934406,2LA015,2.38,0,0
X110890040,LONG BLOCK ENGINE,7934406,2LA015,2.38,0,0
X110890041,LONG BLOCK ENGINE,7934406,2LA015,2.38,0,0
X110890042,LONG BLOCK ENGINE,7934406,2LA015,2.38,0,0
X110890043,LONG BLOCK ENGINE,7934406,2LA015,2.38,0,0
X110890048,LONG BLOCK ENGINE,9971400,2LA015,2.38,0,0
X110890050,LONG BLOCK ENGINE,9971400,2LA015,2.38,0,0
X130890002,LONG BLOCK ENGINE,10246500,2LA015,2.38,0,0
X130890003,LONG BLOCK ENGINE,10246500,2LA015,2.38,0,0
X130890004,LONG BLOCK ENGINE,10246500,2LA015,2.38,0,0
X130890006,LONG BLOCK ENGINE,10051500,2LA015,2.38,0,0
X130890007,LONG BLOCK ENGINE,10051500,2LA015,2.38,0,0
X190890022,LONG BLOCK ENGINE,7934406,2LA015,2.38,0,0
X909890004,LONG BLOCK ENGINE,6188844,2LA015,2.38,288,13.25184
X909890007,LONG BLOCK ENGINE,6188844,2LA015,2.38,300,13.03144
X909890009,LONG BLOCK ENGINE,9442530,2LA015,2.38,0,0
X909890010,LONG BLOCK ENGINE,9442530,2LA015,2.38,0,0
X909890011,LONG BLOCK ENGINE,9442530,2LA015,2.38,735,15.77094
X909890012,LONG BLOCK ENGINE,10997334,2LA015,2.38,1400,0
X909890013,LONG BLOCK ENGINE,9442530,2LA015,2.38,735,15.77094
X909890014,LONG BLOCK ENGINE,9442530,2LA015,2.38,0,0
X909890015,LONG BLOCK ENGINE,9442530,2LA015,2.38,737,15.77094
X909890016,LONG BLOCK ENGINE,6188844,2LA015,2.38,295,13.17412
X909890017,LONG BLOCK ENGINE,9442530,2LA015,2.38,735,15.77094
X909890018,LONG BLOCK ENGINE,9442530,2LA015,2.38,1050,15.77094
X909890019,LONG BLOCK ENGINE,9442530,2LA015,2.38,732,15.47348
X909890020,LONG BLOCK ENGINE,9442530,2LA015,2.38,732,15.47348
X909890021,LONG BLOCK ENGINE,9442530,2LA015,2.38,735,15.77094
X909890022,LONG BLOCK ENGINE,9442530,2LA015,2.38,732,15.47348
X909890023,LONG BLOCK ENGINE,9442530,2LA015,2.38,730,15.47348
X909890024,LONG BLOCK ENGINE,9442530,2LA015,2.38,735,15.77094
X909890025,LONG BLOCK ENGINE,9442530,2LA015,2.38,716,15.47348
X909890026,LONG BLOCK ENGINE,9442530,2LA015,2.38,740,12.1
X909890028,LONG BLOCK ENGINE,10997334,2LA015,2.38,0,0
X909890029,LONG BLOCK ENGINE,9442530,2LA015,2.38,0,0
X909890033,LONG BLOCK ENGINE,10997334,2LA015,2.38,910,11.664
X909890034,LONG BLOCK ENGINE,9442530,2LA015,2.38,0,0
X909890035,LONG BLOCK ENGINE,9442530,2LA015,2.38,0,0
X909890036,LONG BLOCK ENGINE,9442530,2LA015,2.38,0,0
X909890038,LONG BLOCK ENGINE,9442530,2LA015,2.38,0,0
A3832802701,TRANSFER CASE,4721418,2LA028,2.38,124,1.71912
A3872801301,TRANSFER CASE,7781730,2LA028,2.38,255,2.7594
A3892800801,TRANSFER CASE,1997706,2LA028,2.38,275,4.54329
A3892801001,TRANSFER CASE,9988548,2LA028,2.38,329,4.73526
A6172801201,TRANSFER CASE,5791746,2LA028,2.38,270,2.1
A6252800400,TRANSMISSION,1608216,2LA028,2.38,350,5.17671
A6622800000,REDIRECTING TRANSMISSION,11099766,2LA028,2.38,207,2.65482
A6622800200,TRANSFER CASE,14064588,2LA028,2.38,0,0
A6622800300,TRANSFER CASE,14064588,2LA028,2.38,0,0
A6622800400,TRANSFER CASE,14064588,2LA028,2.38,152,2.21184
A6622802900,TRANSFER CASE,14064588,2LA028,2.38,366,2.80899
A9672800000,TRANSFER CASE,9988548,2LA028,2.38,154,2.93632
A9672800100,TRANSFER CASE,9988548,2LA028,2.38,153,2.90304
X011040006,TRANSFER CASE,7781730,2LA028,2.38,253,2.71998
X011305027,TRANSFER CASE,8041068,2LA028,2.38,0,0
X011305033,TRANSFER CASE,8041068,2LA028,2.38,170,3.83229
X011305056,TRANSFER CASE,8041068,2LA028,2.38,332,0
X011305061,TRANSFER CASE,8041068,2LA028,2.38,330,3.83229
X011503292,TRANSFER CASE,8041068,2LA028,2.38,450,4.7952
X011503389,TRANSFER CASE,5133654,2LA028,2.38,135,2.71998
X011503397,TRANSFER CASE,10154832,2LA028,2.38,455,4.73526
X0115033971457,TRANSFER CASE,10154832,2LA028,2.38,0,0
X011503398,TRANSFER CASE,7781730,2LA028,2.38,255,2.68594512
X011503414,TRANSFER CASE,7668774,2LA028,2.38,195,2.71998
X011503438,TRANSFER CASE,7781730,2LA028,2.38,254,2.71998
X011503466,TRANSFER CASE,5133654,2LA028,2.38,133.5,1.932
X011503470,TRANSFER CASE,7668774,2LA028,2.38,196,2.71998
X011503472,TRANSFER CASE,10154832,2LA028,2.38,360,7.72778
X011503488,TRANSFER CASE,8041068,2LA028,2.38,358,8.1
X011503551,TRANSFER CASE,10154832,2LA028,2.38,468,0
X011503563,TRANSFER CASE,10154832,2LA028,2.38,468,0
X011503564,TRANSFER CASE,7781730,2LA028,2.38,260,0
X011503565,TRANSFER CASE,7668774,2LA028,2.38,196,2.68056
X011503567,TRANSFER CASE,5133654,2LA028,2.38,137,2.14136
X011503571,TRANSFER CASE,5133654,2LA028,2.38,135,2.75724
X011503574,TRANSFER CASE,8041068,2LA028,2.38,0,0
X011503575,TRANSFER CASE,10154832,2LA028,2.38,456,4.73526
X011503577,TRANSFER CASE,10154832,2LA028,2.38,469.5,7.6692
X011800004,TRANSFER CASE,7668774,2LA028,2.38,210,3.83229
X230000041,TRANSFER CASE,10700532,2LA028,2.38,222,5.13352
X230000059,TRANSFER CASE,10154832,2LA028,2.38,360,6.37632
X230020007,TRANSFER CASE,8041044,2LA028,2.38,210,2.22372
X230020011,TRANSFER CASE,8041044,2LA028,2.38,260,0
X230020015,TRANSFER CASE,10154832,2LA028,2.38,360,7.5768
X230020017,TRANSFER CASE,10700532,2LA028,2.38,220,7.6692
X230020029,TRANSFER CASE,8041044,2LA028,2.38,259,4.73526
X230020036,TRANSFER CASE,10154832,2LA028,2.38,240,7.5768
X230020037,TRANSFER CASE,10700532,2LA028,2.38,360,7.7616
X230020053,TRANSFER CASE,10154832,2LA028,2.38,320,7.6692
X230020069,TRANSFER CASE,10154832,2LA028,2.38,220,7.0848
A08331014019678,FRAME,11813112,2LA031,2.38,380,32.7275
A6623102110,SUBFRAME,1157802,2LA031,2.38,0,0
A6623102310,SUBFRAME,1482732,2LA031,2.38,0,0
A6623102410,SUBFRAME,442980,2LA031,2.38,0,0
A66231072101457,CV AUXILIARY FRAME,2609406,2LA031,2.38,0,0
A66231073101457,CV AUXILIARY FRAME,2609406,2LA031,2.38,0,0
A6623108310,CV AUXILIARY FRAME,3811662,2LA031,2.38,0,0
A6626100401,SUBSTRUCTURE,5834106,2LA031,2.38,0,0
A9606101773,SUBFRAME,2857134,2LA031,2.38,0,0
C93031912208901,FRAME,9639984,2LA031,2.38,700,0
C93403212022902,FRAME,4765614,2LA031,2.38,645,109.62
C93403212022903,FRAME,4765614,2LA031,2.38,618,105.2555
C93403212028901,FRAME,4765614,2LA031,2.38,616,105.2555
C93403212028902,FRAME,8805222,2LA031,2.38,852,133.455
C93403212029905,FRAME,4765614,2LA031,2.38,610,106.72
C93403212033902,FRAME,6012852,2LA031,2.38,725,106.2925
C93403212037901,FRAME,4765614,2LA031,2.38,620,106.2925
C93403212056901,FRAME,5342700,2LA031,2.38,629,86.346
C93403212145901,FRAME,4767144,2LA031,2.38,0,0
C93403212205901,FRAME,5224296,2LA031,2.38,0,0
C93403212208903,FRAME,5224296,2LA031,2.38,0,0
C93403312026901,FRAME,4765614,2LA031,2.38,605,104.5296
C93403312030901,FRAME,4765614,2LA031,2.38,620,106.2925
C93403312032901,FRAME,5224410,2LA031,2.38,0,0
C93403312035902,FRAME,5224410,2LA031,2.38,0,0
C93403312139901,FRAME,5310276,2LA031,2.38,0,0
C93406212351901,FRAME,5224830,2LA031,2.38,0,0
C93408212019901,FRAME,5342700,2LA031,2.38,683,78.3475
C93416112208902,FRAME,7022958,2LA031,2.38,0,0
C93416122206901,FRAME,7138536,2LA031,2.38,1321,136.5
C93424122213901,FRAME,6972324,2LA031,2.38,0,0
C94403212207901,FRAME,5224296,2LA031,2.38,542,1.0856
C95232512050901,FRAME,8190882,2LA031,2.38,1241,157.7188
C95330412207902,FRAME,7180104,2LA031,2.38,0,0
C96340312111901,FRAME,5224590,2LA031,2.38,745,134.976
C96340312352901,FRAME,5224830,2LA031,2.38,0,0
C97025812150901,FRAME,4939668,2LA031,2.38,0,0
C97636412029904,FRAME,4765614,2LA031,2.38,540,101.27
A0003901300,TRAILING AXLE,5612592,2LA032,2.38,0,0
A0005533004,HYDRAULIC MOTOR,1856502,2LA032,2.38,0,0
A0005533104,HYDRAULIC MOTOR,1856502,2LA032,2.38,26.2,0.22126
A0005533304,HYDRAULIC MOTOR,1856502,2LA032,2.38,27,0.23552
A0013900800,TRAILING AXLE,5485290,2LA032,2.38,0,0
A0023905100,TRAILING AXLE,2486958,2LA032,2.38,0,0
A0023905200,TRAILING AXLE,2486958,2LA032,2.38,0,0
A0023907700,TRAILING AXLE,2486958,2LA032,2.38,0,0
A6173501900,REAR AXLE,219174,2LA032,2.38,641,9.0576
A6253307396,FRONT AXLE,8600034,2LA032,2.38,0,0
A6253307496,FRONT AXLE,8600034,2LA032,2.38,0,0
A6253505099,REAR AXLE,8750682,2LA032,2.38,0,0
A6593301800,FRONT AXLE,9282084,2LA032,2.38,1,0
A6593304800,FRONT AXLE,9593820,2LA032,2.38,0,0
A6623902602,LEADING AXLE,6537468,2LA032,2.38,0,0
A6633901800,LEADING AXLE,6537468,2LA032,2.38,406,14.7
A9603903100,TRAILING AXLE,5485290,2LA032,2.38,395,30.8295
A9613900099,ACCOUNTING NUMBER,5647320,2LA032,2.38,475,31.161
A9613900199,ACCOUNTING NUMBER,5647320,2LA032,2.38,390,26.23104
A9613900299,ACCOUNTING NUMBER,5647320,2LA032,2.38,0,0
A9613900399,ACCOUNTING NUMBER,5647320,2LA032,2.38,390,30.11712
A9613900499,ACCOUNTING NUMBER,5485290,2LA032,2.38,0,0
A9613900599,ACCOUNTING NUMBER,5612592,2LA032,2.38,390,26.23104
A9613900699,ACCOUNTING NUMBER,5485290,2LA032,2.38,390,26.23104
A9613900799,ACCOUNTING NUMBER,5485290,2LA032,2.38,390,26.23104
A9613900899,ACCOUNTING NUMBER,5777502,2LA032,2.38,475,31.161
A9613900999,ACCOUNTING NUMBER,5485290,2LA032,2.38,390,26.23104
A9613901099,ACCOUNTING NUMBER,5485290,2LA032,2.38,390,24.98454
A9613901199,ACCOUNTING NUMBER,5485290,2LA032,2.38,0,0
A9613901299,TRAILING AXLE,5777502,2LA032,2.38,390,26.23104
A9613901499,ACCOUNTING NUMBER,5612592,2LA032,2.38,0,0
A9613901699,ACCOUNTING NUMBER,5612592,2LA032,2.38,390,26.23104
A9613901799,TRAILING AXLE,5612592,2LA032,2.38,393,25.875
A9613901899,ACCOUNTING NUMBER,5612592,2LA032,2.38,0,0
A9613902599,ACCOUNTING NUMBER,5485290,2LA032,2.38,0,0
A9613902699,ACCOUNTING NUMBER,5647320,2LA032,2.38,475,31.161
A9613902799,ACCOUNTING NUMBER,5485290,2LA032,2.38,0,0
A9613902899,ACCOUNTING NUMBER,5485290,2LA032,2.38,475,31.161
A9613902999,ACCOUNTING NUMBER,5485290,2LA032,2.38,0,0
A9613903099,ACCOUNTING NUMBER,5485290,2LA032,2.38,0,0
A9613903299,REAR AXLE,5485290,2LA032,2.38,390,26.23104
A9613903399,TRAILING AXLE,5485290,2LA032,2.38,0,0
C004012038,REAR AXLE,780978,2LA032,2.38,125,4.347
C004012060,REAR AXLE,780978,2LA032,2.38,125,4.275
C004012110,REAR AXLE,5148708,2LA032,2.38,301,8.50752
C004012260,REAR AXLE,4345758,2LA032,2.38,207,3.1302
C004012483,REAR AXLE,4005450,2LA032,2.38,182,6.07608
C00401248306,REAR AXLE,4005450,2LA032,2.38,182,6.07608
C004012981,REAR AXLE,5148708,2LA032,2.38,306,5.8512
C004014437,REAR AXLE,1124256,2LA032,2.38,264,18.81
C004014589,REAR AXLE,4558140,2LA032,2.38,145,6.11712
C004014620,REAR AXLE,1141668,2LA032,2.38,270,8.50752
C004014639,REAR AXLE,906228,2LA032,2.38,182,5.8512
C004014699,REAR AXLE,4936326,2LA032,2.38,262,4.011
C004015054,REAR AXLE,862788,2LA032,2.38,125,4.68096
C004017059,REAR AXLE,8417652,2LA032,2.38,0,0
C004017645,REAR AXLE,7785474,2LA032,2.38,0.001,0
C004400402,REAR AXLE,4558140,2LA032,2.38,208,5.8512
C004400441,REAR AXLE,4405992,2LA032,2.38,182,6.11712
C004400467,REAR AXLE,906228,2LA032,2.38,186,5.225
C004400519,REAR AXLE,824418,2LA032,2.38,203,5.60196
C004400864,PEAR AXLE,1016412,2LA032,2.38,270,3.76
C004509747,REAR AXLE,5148708,2LA032,2.38,300,6
C004509778,REAR AXLE,276978,2LA032,2.38,460,7.59
C004509893,REAR AXLE,4193610,2LA032,2.38,125,4.68832
C004509903,REAR AXLE,5148708,2LA032,2.38,299,8.19
C004510028,REAR AXLE,6518634,2LA032,2.38,550,7.175
C004510444,REAR AXLE,6731016,2LA032,2.38,485,5.445
C004510450,REAR AXLE,6731016,2LA032,2.38,484,17.63
C004510666,REAR AXLE,4936326,2LA032,2.38,301,19.8018
C004510708,REAR AXLE,13245300,2LA032,2.38,0.001,0
C004510740,REAR AXLE,6731016,2LA032,2.38,460,6.7725
C004510862,REAR AXLE,6118092,2LA032,2.38,546,4.95
C004510916,REAR AXLE,6330474,2LA032,2.38,447,5.805
C004510991,REAR AXLE,6518634,2LA032,2.38,470,5.67
C004511033,REAR AXLE,7172550,2LA032,2.38,0.001,0
C004511047,REAR AXLE,8630034,2LA032,2.38,0.001,0
C004511104,REAR AXLE,8630034,2LA032,2.38,730,10.98625
C004511108,REAR AXLE,8417652,2LA032,2.38,0.001,0
C004511118,REAR AXLE,8630034,2LA032,2.38,830,10.5825
C004511119,REAR AXLE,8017110,2LA032,2.38,0.001,0
C004511120,REAR AXLE,8630034,2LA032,2.38,0.001,0
C004511128,REAR AXLE,8630034,2LA032,2.38,0.001,0
C004511172,REAR AXLE,8630034,2LA032,2.38,740,27.55
C004511196,REAR AXLE,355200,2LA032,2.38,750,24.94947
C004511229,REAR AXLE,9050448,2LA032,2.38,0.001,0
C004511366,REAR AXLE,8417652,2LA032,2.38,0.001,0
C004511448,REAR AXLE,8417652,2LA032,2.38,0,0
C004511500,REAR AXLE,276978,2LA032,2.38,480,5.445
C004511505,REAR AXLE,6330474,2LA032,2.38,398,4.988
C004511535,REAR AXLE,268284,2LA032,2.38,470,6.3
C004511543,REAR AXLE,6731016,2LA032,2.38,410,5.8512
C004511599,REAR AXLE,6731016,2LA032,2.38,570,20.79
C004511665,REAR AXLE,6731016,2LA032,2.38,550,6.35904
C004511759,REAR AXLE,6731016,2LA032,2.38,560,6.6625
C004511768,REAR AXLE,6731016,2LA032,2.38,400,6.3
C004511778,REAR AXLE,276978,2LA032,2.38,550,4.95
C004511826,REAR AXLE,268284,2LA032,2.38,595,5.93216
C004511839,REAR AXLE,5148708,2LA032,2.38,282,4.2588
C004511843,REAR AXLE,6330474,2LA032,2.38,650,7.90944
C004511976,REAR AXLE,8630034,2LA032,2.38,0.001,0
C004512004,REAR AXLE,276978,2LA032,2.38,555,4.72564
C004512012,REAR AXLE,6518634,2LA032,2.38,475,5.28
C004512120,REAR AXLE,5148708,2LA032,2.38,301,15.5844
C004512215,REAR AXLE,8017110,2LA032,2.38,0.001,0
C004512220,REAR AXLE,276978,2LA032,2.38,560,6.5205
C004512382,REAR AXLE,5549250,2LA032,2.38,316,4.95
C004512560,REAR AXLE,9050448,2LA032,2.38,821,16.99075
C004512577,REAR AXLE,8630034,2LA032,2.38,1,0
C004512701,REAR AXLE,6731016,2LA032,2.38,452,12.24188064
C004512826,REAR AXLE,6330474,2LA032,2.38,495,4.7264
C004513046,REAR AXLE,8630034,2LA032,2.38,0.001,0
C004513070,REAR AXLE,8630034,2LA032,2.38,0.001,0
C004513162,REAR AXLE,6731016,2LA032,2.38,474,5.8512
C004513174,REAR AXLE,8630034,2LA032,2.38,890,18.792
C004513697,REAR AXLE,9050448,2LA032,2.38,0,0
C004513700,REAR AXLE,9050448,2LA032,2.38,850,13.90748
C004513702,REAR AXLE,9050448,2LA032,2.38,852,27.8052
C004513707,REAR AXLE,9050448,2LA032,2.38,0.001,0
C004513708,REAR AXLE,8649906,2LA032,2.38,0,0
C004513762,REAR AXLE,9050448,2LA032,2.38,1,0
C004513822,REAR AXLE,9050448,2LA032,2.38,739,0
C004513857,REAR AXLE,268284,2LA032,2.38,494,6.507
C004514108,REAR AXLE,9050448,2LA032,2.38,869,16.065
C004514661,REAR AXLE,9050448,2LA032,2.38,752,10.206
C004514691,REAR AXLE,8630034,2LA032,2.38,739,11.6025
C004514783,REAR AXLE,8417652,2LA032,2.38,0.001,0
C004515024,REAR AXLE,9050448,2LA032,2.38,838,11.1265
C004800240,REAR AXLE,8630034,2LA032,2.38,0,0
C004800455,REAR AXLE,8630034,2LA032,2.38,750,13.66875
C005503485,TRAILING AXLE,5736396,2LA032,2.38,460,30.6864288
C005503487,TRAILING AXLE,207834,2LA032,2.38,460,9.1234
C006012043,FRONT AXLE,2250498,2LA032,2.38,86,5.8512
C006012050,FRONT AXLE,2743572,2LA032,2.38,127,11.52
C006012197,FRONT AXLE,2996946,2LA032,2.38,202,4.73478
C006012277,FRONT AXLE,2250498,2LA032,2.38,86,4.95
C006012319,FRONT AXLE,2250498,2LA032,2.38,95,4.30848
C006012503,FRONT AXLE,8320776,2LA032,2.38,503,6.06096
C006014030,FRONT AXLE,2743572,2LA032,2.38,167,5.7
C006014046,FRONT AXLE,2911866,2LA032,2.38,138,6.8904
C006014055,FRONT AXLE,2743572,2LA032,2.38,127,5.92704
C006017608,FRONT AXLE,11425770,2LA032,2.38,720,8.375
C006017718,FRONT AXLE,2918400,2LA032,2.38,469,11.56608
C006509717,FRONT AXLE,2996946,2LA032,2.38,213,12.67968
C006509719,FRONT AXLE,8448078,2LA032,2.38,465,12.24188064
C006509991,REAR AXLE,8933700,2LA032,2.38,472,5.2272
C006510634,FRONT AXLE,8933700,2LA032,2.38,633,11.805696
C006510676,FRONT AXLE,3673212,2LA032,2.38,476,12.67968
C006510695,FRONT AXLE,151176,2LA032,2.38,455,12.51712
C006510698,FRONT AXLE,3460830,2LA032,2.38,461,8.2656
C006510786,FRONT AXLE,3673212,2LA032,2.38,450,12.7296
C006510867,FRONT AXLE,4010418,2LA032,2.38,520,11.7
C006510925,FRONT AXLE,2996946,2LA032,2.38,213,23.76
C006510928,FRONT AXLE,2996946,2LA032,2.38,220,11.72672
C006510940,FRONT AXLE,2996946,2LA032,2.38,263,6.8904
C006510951,FRONT AXLE,8933700,2LA032,2.38,652,11.54176
C006510970,FRONT AXLE,3335388,2LA032,2.38,284,5.85
C006511089,FRONT AXLE,272730,2LA032,2.38,635,8.9375
C006511099,FRONT AXLE,151176,2LA032,2.38,487,13.33312
C006511104,FRONT AXLE,3335388,2LA032,2.38,305,5.616
C006511189,FRONT AXLE,9678900,2LA032,2.38,789.5,27.8052
C006511213,FRONT AXLE,3673212,2LA032,2.38,470,12.5664
C006511499,FRONT AXLE,11798370,2LA032,2.38,850,16.64
C006511536,FRONT AXLE,272730,2LA032,2.38,670,8.415
C006511539,FRONT AXLE,2996946,2LA032,2.38,234,12.24188064
C006511615,FRONT AXLE,8933700,2LA032,2.38,458,5.94
C006511627,FRONT AXLE,9306300,2LA032,2.38,0.001,0
C006511628,FRONT AXLE,9306300,2LA032,2.38,732,14.28
C006511634,FRONT AXLE,9306300,2LA032,2.38,717,17.3604
C006511750,FRONT AXLE,9306300,2LA032,2.38,0.001,0
C006512064,FRONT AXLE,9306300,2LA032,2.38,0,0
C006512658,FRONT AXLE,9678900,2LA032,2.38,749,11.4696
C006512816,FRONT AXLE,272730,2LA032,2.38,458,5.94
C006800147,FRONT AXLE,9306300,2LA032,2.38,0,0
C006800149,FRONT AXLE,9306300,2LA032,2.38,0,0
C006800151,FRONT AXLE,2784564,2LA032,2.38,235,11.8625
C007503414,REAR AXLE,3673212,2LA032,2.38,467,8.25
C007503415,FRONT AXLE,4747542,2LA032,2.38,455,9.516
C008012011,REAR AXLE,6118092,2LA032,2.38,708,9.42656
C008017696,REAR AXLE,7785474,2LA032,2.38,0.001,0
C008017816,REAR AXLE,7785474,2LA032,2.38,1,0
C008017828,REAR AXLE,11767944,2LA032,2.38,714,14.4
C008509330,REAR AXLE,7785474,2LA032,2.38,0,0
C008509337,REAR AXLE,6731016,2LA032,2.38,650,10.89
C008509402,REAR AXLE,7785474,2LA032,2.38,0.001,0
C008509498,REAR AXLE,7573092,2LA032,2.38,0,0
C008509541,REAR AXLE,7785474,2LA032,2.38,670,7.68
C008509593,REAR AXLE,7785474,2LA032,2.38,0.001,0
C008509652,REAR AXLE,7573092,2LA032,2.38,0.001,0
C008509683,REAR AXLE,7573092,2LA032,2.38,0.001,0
C008509843,REAR AXLE,7785474,2LA032,2.38,1,0
C008509951,REAR AXLE,311730,2LA032,2.38,651,12.048
C008509970,REAR AXLE,7785474,2LA032,2.38,713,13.542
C008510054,REAR AXLE,7573092,2LA032,2.38,0.001,0
C008510108,REAR AXLE,8206512,2LA032,2.38,0.001,0
C008510109,REAR AXLE,7785474,2LA032,2.38,0,0
C008510269,REAR AXLE,6731016,2LA032,2.38,753,13.2
C008510296,REAR AXLE,7573092,2LA032,2.38,0.001,0
C008510385,REAR AXLE,7573092,2LA032,2.38,0,0
C008510643,REAR AXLE,7573092,2LA032,2.38,0.001,0
C008510871,REAR AXLE,7785474,2LA032,2.38,0.001,0
C008511330,REAR AXLE,6731016,2LA032,2.38,679,8.56
C008511446,REAR AXLE,6518634,2LA032,2.38,750,9.03
C008511482,REAR AXLE,7785474,2LA032,2.38,0.001,0
C008511531,REAR AXLE,7172550,2LA032,2.38,0.001,0
C008511536,REAR AXLE,6731016,2LA032,2.38,650,10.89
C008511545,REAR AXLE,6731016,2LA032,2.38,765,10.89
C008511612,REAR AXLE,8206512,2LA032,2.38,711,7.05404
C008512751,REAR AXLE,7785474,2LA032,2.38,0,0
C008512853,REAR AXLE,8206512,2LA032,2.38,716,27.8052
C008513776,REAR AXLE,320424,2LA032,2.38,644,10.92
C008800007,REAR AXLE,7785474,2LA032,2.38,0,0
X004018592,REAR AXLE,7445160,2LA032,2.38,0,0
X004019045,REAR AXLE,5464170,2LA032,2.38,0,0
X004019046,REAR AXLE,5464170,2LA032,2.38,347,8.50489728
X004019048,REAR AXLE,5464170,2LA032,2.38,345,7.02
X004040015,REAR AXLE,8544954,2LA032,2.38,0,0
X004040019,REAR AXLE,8544954,2LA032,2.38,0,0
X004040093,REAR AXLE,8417652,2LA032,2.38,0,0
X004040098,REAR AXLE,11146950,2LA032,2.38,0,0
X004040103,REAR AXLE,8240034,2LA032,2.38,0,0
X004040105,REAR AXLE,9050448,2LA032,2.38,770,27.84
X004070395,REAR AXLE,3920370,2LA032,2.38,187,5.8512
X004070604,REAR AXLE,6118092,2LA032,2.38,0,0
X004070605,REAR AXLE,6118092,2LA032,2.38,0,0
X004070703,REAR AXLE,7445160,2LA032,2.38,626,8.68725
X004070707,REAR AXLE,6797460,2LA032,2.38,700,10.164
X004070836,REAR AXLE,5063628,2LA032,2.38,0,0
X004071170,REAR AXLE,5063628,2LA032,2.38,343,8.37159168
X004305718,REAR AXLE,8417652,2LA032,2.38,0,0
X004306130,REAR AXLE,8229492,2LA032,2.38,0,0
X004306227,REAR AXLE,12424344,2LA032,2.38,0,0
X004306254,REAR AXLE,9053556,2LA032,2.38,0,0
X004306274,REAR AXLE,12424344,2LA032,2.38,0,0
X004306439,REAR AXLE,8630034,2LA032,2.38,0,0
X004306557,REAR AXLE,8417652,2LA032,2.38,0,0
X004306691,REAR AXLE,12824886,2LA032,2.38,0,0
X004306773,REAR AXLE,9473970,2LA032,2.38,760,27.55
X004306799,REAR AXLE,9729822,2LA032,2.38,0,0
X004306802,REAR AXLE,9050448,2LA032,2.38,897,27.55
X004400775,REAR AXLE,5063628,2LA032,2.38,280,7
X004400776,REAR AXLE,5464170,2LA032,2.38,280,7
X004400803,REAR AXLE,5464170,2LA032,2.38,290,8.3328
X004400856,REAR AXLE,5063628,2LA032,2.38,279,11.096
X004400857,REAR AXLE,5464170,2LA032,2.38,275,4.94
X004400867,REAR AXLE,5464170,2LA032,2.38,284,3.969
X004400880,REAR AXLE,5464170,2LA032,2.38,291,17.63
X004400883,REAR AXLE,5063628,2LA032,2.38,264,7.68
X004400916,REAR AXLE,5464170,2LA032,2.38,291,5.4
X004400941,REAR AXLE,5464170,2LA032,2.38,290,6.3375
X004400956,REAR AXLE,5063628,2LA032,2.38,299,17.835
X004400966,REAR AXLE,5063628,2LA032,2.38,302,6.1425
X004401097,REAR AXLE,5464170,2LA032,2.38,281,17.07124224
X004401104,REAR AXLE,5464170,2LA032,2.38,320,16
X004401108,REAR AXLE,5464170,2LA032,2.38,306,17.11112832
X004401110,REAR AXLE,5464170,2LA032,2.38,300,4.8112
X004401122,REAR AXLE,5464170,2LA032,2.38,302,8.4672
X004401127,REAR AXLE,5464170,2LA032,2.38,310,17.70052
X004401150,REAR AXLE,5464170,2LA032,2.38,303,5.2
X004401196,REAR AXLE,5464170,2LA032,2.38,277,17.2
X004401243,REAR AXLE,5464170,2LA032,2.38,312,17.07124224
X004401250,REAR AXLE,5464170,2LA032,2.38,285,17.2
X004401262,REAR AXLE,5464170,2LA032,2.38,287,17.07124224
X004401273,REAR AXLE,5464170,2LA032,2.38,0,0
X004401274,REAR AXLE,5464170,2LA032,2.38,295,17.07124224
X004450024,REAR AXLE,5063628,2LA032,2.38,260,5.85
X004450031,REAR AXLE,5063628,2LA032,2.38,340,4.94
X004512514,REAR AXLE,8544954,2LA032,2.38,0.001,0
X004512878,REAR AXLE,8544954,2LA032,2.38,0,0
X004512888,REAR AXLE,330144,2LA032,2.38,724,8.4375
X004512977,REAR AXLE,8544954,2LA032,2.38,0,0
X004513213,REAR AXLE,6731016,2LA032,2.38,460,19.95
X004513506,REAR AXLE,6731016,2LA032,2.38,488,5.4567
X004513514,REAR AXLE,6731016,2LA032,2.38,495,6.75
X004513702,REAR AXLE,8017110,2LA032,2.38,0,0
X004513896,REAR AXLE,8630034,2LA032,2.38,786,15.36
X004513903,REAR AXLE,8630034,2LA032,2.38,1,0
X004513923,REAR AXLE,8630034,2LA032,2.38,0,0
X004513934,REAR AXLE,8630034,2LA032,2.38,0,0
X004513944,REAR AXLE,8630034,2LA032,2.38,0,0
X004514292,REAR AXLE,6731016,2LA032,2.38,0,0
X004514327,REAR AXLE,6731016,2LA032,2.38,0,0
X004514329,REAR AXLE,6731016,2LA032,2.38,627,17.07124224
X004514362,REAR AXLE,6731016,2LA032,2.38,602,7.865
X004514429,REAR AXLE,6645936,2LA032,2.38,420,6.3
X004514509,REAR AXLE,6731016,2LA032,2.38,612,8.47
X004514526,REAR AXLE,6731016,2LA032,2.38,0,0
X004514592,REAR AXLE,6645936,2LA032,2.38,510,5.6115
X004514747,REAR AXLE,6731016,2LA032,2.38,0,0
X004514801,REAR AXLE,6731016,2LA032,2.38,605,17.63
X004514826,REAR AXLE,6731016,2LA032,2.38,527,17.48466
X004514931,REAR AXLE,8544954,2LA032,2.38,650,10.2
X004515155,REAR AXLE,6731016,2LA032,2.38,565,17.07124224
X004515156,REAR AXLE,6731016,2LA032,2.38,564,17.6175
X004515512,REAR AXLE,8544954,2LA032,2.38,0,0
X004515515,REAR AXLE,8544954,2LA032,2.38,1,0
X004516230,REAR AXLE,8630034,2LA032,2.38,349,20.64744
X004516232,REAR AXLE,8630034,2LA032,2.38,0,0
X004516234,REAR AXLE,8630034,2LA032,2.38,1,0
X004516261,REAR AXLE,8544954,2LA032,2.38,691,14
X004516270,REAR AXLE,8630034,2LA032,2.38,0,0
X004516277,REAR AXLE,8630034,2LA032,2.38,850,16.32
X004516284,REAR AXLE,8630034,2LA032,2.38,785,13.489
X004516295,REAR AXLE,6797460,2LA032,2.38,689,17.63
X004516309,REAR AXLE,8544954,2LA032,2.38,732,27.55
X004516313,REAR AXLE,8544954,2LA032,2.38,720,10.62
X004516325,REAR AXLE,8544954,2LA032,2.38,725,27.8052
X004516327,REAR AXLE,8544954,2LA032,2.38,820,11.1625
X004516336,REAR AXLE,6797460,2LA032,2.38,580,17.70052
X004516348,REAR AXLE,6797460,2LA032,2.38,675,17.092608
X004516354,REAR AXLE,8544954,2LA032,2.38,842,10.575
X004516362,REAR AXLE,8544954,2LA032,2.38,795,27.55
X004516365,REAR AXLE,8544954,2LA032,2.38,790,27.55
X004516366,REAR AXLE,8544954,2LA032,2.38,0,0
X004516374,REAR AXLE,8544954,2LA032,2.38,0,0
X004516387,REAR AXLE,8544954,2LA032,2.38,819,27.8052
X004516394,REAR AXLE,8544954,2LA032,2.38,825,11.305
X004516395,REAR AXLE,8017110,2LA032,2.38,0,0
X004516407,REAR AXLE,8544954,2LA032,2.38,730,8.55
X004516408,REAR AXLE,8544954,2LA032,2.38,731,13
X004516925,REAR AXLE,6731016,2LA032,2.38,462,12.24188064
X004516993,REAR AXLE,8630034,2LA032,2.38,795,27.55
X004516997,REAR AXLE,8630034,2LA032,2.38,0,0
X004517007,REAR AXLE,8630034,2LA032,2.38,881,27.26
X004517014,REAR AXLE,8630034,2LA032,2.38,855,0
X004517022,REAR AXLE,8630034,2LA032,2.38,883,27.8052
X004517051,REAR AXLE,8630034,2LA032,2.38,800,0
X004517061,REAR AXLE,8630034,2LA032,2.38,0,0
X004517064,REAR AXLE,8630034,2LA032,2.38,0,0
X004517111,REAR AXLE,9050448,2LA032,2.38,0,0
X004517131,REAR AXLE,8544954,2LA032,2.38,740,0
X004517138,REAR AXLE,8630034,2LA032,2.38,0,0
X004517155,REAR AXLE,6797460,2LA032,2.38,655,17.07124224
X004517389,REAR AXLE,8630034,2LA032,2.38,0,0
X004517396,REAR AXLE,8417652,2LA032,2.38,0,0
X004517410,REAR AXLE,8630034,2LA032,2.38,349,28.3968
X004517710,REAR AXLE,6731016,2LA032,2.38,580,1.72
X004517732,REAR AXLE,6731016,2LA032,2.38,0,0
X004517734,REAR AXLE,6731016,2LA032,2.38,494,8.4
X004517736,REAR AXLE,6731016,2LA032,2.38,494,12.24188064
X004517740,REAR AXLE,6731016,2LA032,2.38,463,12.24188064
X004517801,REAR AXLE,8544954,2LA032,2.38,0,0
X004518166,REAR AXLE,6645936,2LA032,2.38,645,17.07124224
X004518188,REAR AXLE,6645936,2LA032,2.38,577,17.63
X004518247,REAR AXLE,6645936,2LA032,2.38,389,17.07124224
X004518261,REAR AXLE,6645936,2LA032,2.38,583,17.845
X004518263,REAR AXLE,6645936,2LA032,2.38,490,17.07124224
X004518269,REAR AXLE,6645936,2LA032,2.38,472,17.07124224
X004518282,REAR AXLE,6645936,2LA032,2.38,569,17.07124224
X004518292,REAR AXLE,6645936,2LA032,2.38,565,17.415
X004518299,REAR AXLE,6645936,2LA032,2.38,580,17.70052
X004518313,REAR AXLE,6645936,2LA032,2.38,490,17.07124224
X004518322,REAR AXLE,6645936,2LA032,2.38,565,17.415
X004518347,REAR AXLE,6645936,2LA032,2.38,680,17.63
X004518348,REAR AXLE,6645936,2LA032,2.38,580,17.415
X004518420,REAR AXLE,6645936,2LA032,2.38,577,17.07124224
X004518439,REAR AXLE,9050448,2LA032,2.38,0,0
X004518441,REAR AXLE,9050448,2LA032,2.38,0,0
X004518462,REAR AXLE,9050448,2LA032,2.38,0,0
X004518560,REAR AXLE,8544954,2LA032,2.38,648,8.058
X004518562,REAR AXLE,8544954,2LA032,2.38,840,17.64
X004518573,REAR AXLE,6645936,2LA032,2.38,497,7.26
X004519057,REAR AXLE,8630034,2LA032,2.38,790,27.8052
X004519092,REAR AXLE,12824886,2LA032,2.38,0,0
X004520279,REAR AXLE,6645936,2LA032,2.38,394,17.07124224
X004520323,REAR AXLE,6645936,2LA032,2.38,490,16.34178
X004520489,REAR AXLE,6645936,2LA032,2.38,387,13.71696
X004520746,REAR AXLE,5464170,2LA032,2.38,407,8.5995
X004520749,REAR AXLE,5336868,2LA032,2.38,336,8.37248
X004520762,REAR AXLE,5464170,2LA032,2.38,347,8.37159168
X004520809,REAR AXLE,5464170,2LA032,2.38,346,8.5033
X004520820,REAR AXLE,5464170,2LA032,2.38,342,12.5895
X004520823,REAR AXLE,5464170,2LA032,2.38,351,8.37248
X004520832,REAR AXLE,5464170,2LA032,2.38,335,8.37248
X004520842,REAR AXLE,5336868,2LA032,2.38,334,8.5033
X004520851,REAR AXLE,6396918,2LA032,2.38,669,17.70052
X004520981,REAR AXLE,6797460,2LA032,2.38,675,17.63
X004521170,REAR AXLE,5464170,2LA032,2.38,339,8.37159168
X004521182,REAR AXLE,6645936,2LA032,2.38,567,17.2688
X004522276,REAR AXLE,5464170,2LA032,2.38,339,8.3982528
X004522317,REAR AXLE,5464170,2LA032,2.38,369,8.37159168
X004522328,REAR AXLE,5464170,2LA032,2.38,390,8.37159168
X004522510,REAR AXLE,5464170,2LA032,2.38,375,8.37159168
X004522562,REAR AXLE,5464170,2LA032,2.38,360,8.50752
X004522680,REAR AXLE,8544954,2LA032,2.38,810,18.72
X004522683,REAR AXLE,8544954,2LA032,2.38,804,27.8052
X004522691,REAR AXLE,8544954,2LA032,2.38,805,27.55
X004522707,REAR AXLE,8544954,2LA032,2.38,1,0
X004522716,REAR AXLE,8630034,2LA032,2.38,0,0
X004522725,REAR AXLE,8630034,2LA032,2.38,869,17.7331
X004522734,REAR AXLE,8630034,2LA032,2.38,880,20.0361
X004522743,REAR AXLE,8630034,2LA032,2.38,0,0
X004522754,REAR AXLE,8630034,2LA032,2.38,794,27.55
X004522755,REAR AXLE,8630034,2LA032,2.38,794,27.55
X004522764,REAR AXLE,8630034,2LA032,2.38,875,21.1974
X004522765,REAR AXLE,8630034,2LA032,2.38,0,0
X004522795,REAR AXLE,8544954,2LA032,2.38,739,14
X004522875,REAR AXLE,6245394,2LA032,2.38,485,17.2
X004523088,REAR AXLE,6645936,2LA032,2.38,511,17.91638
X004523470,REAR AXLE,8630034,2LA032,2.38,0,0
X004523471,REAR AXLE,8630034,2LA032,2.38,795,17.34
X004523472,REAR AXLE,8630034,2LA032,2.38,794,27.36904
X004523547,REAR AXLE,8630034,2LA032,2.38,0,0
X004523573,REAR AXLE,8630034,2LA032,2.38,0,0
X004523777,REAR AXLE,8630034,2LA032,2.38,0,0
